[{"summary": "Brew: Maibock","start": {"date": "2014-02-06"},"end": {"date": "2014-02-14"},"recurrence": ["RRULE:FREQ=YEARLY"],"reminders": {"useDefault": false}},
  {"summary": "Brew: Irish Ales","start": {"date": "2014-01-25"},"end": {"date": "2014-02-11"},"recurrence": ["RRULE:FREQ=YEARLY"],"reminders": {"useDefault": false}},
  {"summary": "Brew: Hefeweizen","start": {"date": "2014-03-06"},"end": {"date": "2014-03-20"},"recurrence": ["RRULE:FREQ=YEARLY"],"reminders": {"useDefault": false}},
  {"summary": "Brew: Light Lagers","start": {"date": "2014-01-29"},"end": {"date": "2014-02-12"},"recurrence": ["RRULE:FREQ=YEARLY"],"reminders": {"useDefault": false}},
  {"summary": "Brew: Hybrid Beers","start": {"date": "2014-03-26"},"end": {"date": "2014-04-10"},"recurrence": ["RRULE:FREQ=YEARLY"],"reminders": {"useDefault": false}},
  {"summary": "Brew: Smoked Beers","start": {"date": "2014-11-18"},"end": {"date": "2014-12-10"},"recurrence": ["RRULE:FREQ=YEARLY"],"reminders": {"useDefault": false}},
  {"summary": "Brew: Dark Ales","start": {"date": "2014-12-12"},"end": {"date": "2014-01-05"},"recurrence": ["RRULE:FREQ=YEARLY"],"reminders": {"useDefault": false}},
  {"summary": "Brew: American Amber Ale","start": {"date": "2014-04-02"},"end": {"date": "2014-04-20"},"recurrence": ["RRULE:FREQ=YEARLY"],"reminders": {"useDefault": false}},
  {"summary": "Brew: IPA","start": {"date": "2014-05-08"},"end": {"date": "2014-05-25"},"recurrence": ["RRULE:FREQ=YEARLY"],"reminders": {"useDefault": false}},
  {"summary": "Brew: American Pale Ale","start": {"date": "2014-04-17"},"end": {"date": "2014-05-02"},"recurrence": ["RRULE:FREQ=YEARLY"],"reminders": {"useDefault": false}},
  {"summary": "Brew: Saison","start": {"date": "2014-06-04"},"end": {"date": "2014-06-19"},"recurrence": ["RRULE:FREQ=YEARLY"],"reminders": {"useDefault": false}},
  {"summary": "Brew: Wheat Beers","start": {"date": "2014-06-20"},"end": {"date": "2014-07-05"},"recurrence": ["RRULE:FREQ=YEARLY"],"reminders": {"useDefault": false}},
  {"summary": "Brew: Light Belgian Ales","start": {"date": "2014-07-03"},"end": {"date": "2014-07-19"},"recurrence": ["RRULE:FREQ=YEARLY"],"reminders": {"useDefault": false}},
  {"summary": "Brew: India Black Ale","start": {"date": "2014-08-05"},"end": {"date": "2014-08-24"},"recurrence": ["RRULE:FREQ=YEARLY"],"reminders": {"useDefault": false}},
  {"summary": "Brew: Rye Beers","start": {"date": "2014-08-20"},"end": {"date": "2014-09-06"},"recurrence": ["RRULE:FREQ=YEARLY"],"reminders": {"useDefault": false}},
  {"summary": "Brew: American Amber Ales","start": {"date": "2014-09-17"},"end": {"date": "2014-10-05"},"recurrence": ["RRULE:FREQ=YEARLY"],"reminders": {"useDefault": false}},
  {"summary": "Brew: Tripels and Dubbels","start": {"date": "2014-09-05"},"end": {"date": "2014-09-21"},"recurrence": ["RRULE:FREQ=YEARLY"],"reminders": {"useDefault": false}},
  {"summary": "Brew: British Bitters","start": {"date": "2014-08-19"},"end": {"date": "2014-09-06"},"recurrence": ["RRULE:FREQ=YEARLY"],"reminders": {"useDefault": false}},
  {"summary": "Brew: Spiced Ales","start": {"date": "2014-09-23"},"end": {"date": "2014-10-09"},"recurrence": ["RRULE:FREQ=YEARLY"],"reminders": {"useDefault": false}},
  {"summary": "Brew: Scottish Ales","start": {"date": "2014-10-26"},"end": {"date": "2014-11-11"},"recurrence": ["RRULE:FREQ=YEARLY"],"reminders": {"useDefault": false}},
  {"summary": "Brew: Porters and Stouts","start": {"date": "2014-11-14"},"end": {"date": "2014-11-30"},"recurrence": ["RRULE:FREQ=YEARLY"],"reminders": {"useDefault": false}},
  {"summary": "Brew: Scottish Ales","start": {"date": "2014-02-13"},"end": {"date": "2014-02-26"},"recurrence": ["RRULE:FREQ=YEARLY"],"reminders": {"useDefault": false}},
  {"summary": "Brew: Lawnmower Beers","start": {"date": "2014-04-17"},"end": {"date": "2014-05-07"},"recurrence": ["RRULE:FREQ=YEARLY"],"reminders": {"useDefault": false}},
  {"summary": "Brew: Strong Ales","start": {"date": "2014-10-12"},"end": {"date": "2014-10-26"},"recurrence": ["RRULE:FREQ=YEARLY"],"reminders": {"useDefault": false}},
  {"summary": "Brew: Brown Ales","start": {"date": "2014-09-28"},"end": {"date": "2014-10-14"},"recurrence": ["RRULE:FREQ=YEARLY"],"reminders": {"useDefault": false}},
  {"summary": "Brew: Sour Beers","start": {"date": "2014-01-09"},"end": {"date": "2014-01-28"},"recurrence": ["RRULE:FREQ=YEARLY"],"reminders": {"useDefault": false}},
  {"summary": "Brew: Dunkelweizen","start": {"date": "2014-02-19"},"end": {"date": "2014-03-07"},"recurrence": ["RRULE:FREQ=YEARLY"],"reminders": {"useDefault": false}},
  {"summary": "Brew: Oktoberfest","start": {"date": "2014-03-05"},"end": {"date": "2014-03-17"},"recurrence": ["RRULE:FREQ=YEARLY"],"reminders": {"useDefault": false}}]