{ "Name":"Acid Malt", "Type":"Grain", "Amount":0.000000, "Yeild": 58.7, "Color": 3.0, "AddAfterBoil": false, "Origin":"Germany", "Supplier": "", "Notes":"Acid malt contains acids from natural lactic acids.  Used by German brewers to adjust malt PH without chemicals to adhere to German purity laws.  Also enhances the head retention. ", "CoarseFineDiff": 1.5, "Moisture": 4.0, "DiastaticPower": 0.0, "Protein": 6.0, "MaxInBatch": 10.0, "RecommendMash": true, "IBUGalPerPound": 0.000, "DisplayAmount": "0.0 oz", "Potential": 1.027, "DisplayColor":  3.0, "ExtractSubstitute": "Pale Liquid Extract"}
{ "Name":"Amber Dry Extract", "Type":"Dry Extract", "Amount":0.000000, "Yeild": 95.0, "Color": 12.5, "AddAfterBoil": false, "Origin":"US", "Supplier": "", "Notes":"Amber colored dry malt extract, for general purpose use.Use in any medium to dark colored beer.Examples: Ales, Marzens, Amber Ale, India Pale Ale", "CoarseFineDiff": 0.0, "Moisture": 0.0, "DiastaticPower": 0.0, "Protein": 0.0, "MaxInBatch": 100.0, "RecommendMash": false, "IBUGalPerPound": 0.000, "DisplayAmount": "0.0 oz", "Potential": 1.044, "DisplayColor":  12.5, "ExtractSubstitute": "-"}
{ "Name":"Amber Liquid Extract", "Type":"Extract", "Amount":0.000000, "Yeild": 78.0, "Color": 12.5, "AddAfterBoil": false, "Origin":"US", "Supplier": "", "Notes":"Unhopped amber color liquid extract.Use as a base malt for any Ale.Examples: Amber ale, India Pale Ale, Munich style, Marzen, Bock", "CoarseFineDiff": 0.0, "Moisture": 0.0, "DiastaticPower": 0.0, "Protein": 0.0, "MaxInBatch": 100.0, "RecommendMash": false, "IBUGalPerPound": 0.000, "DisplayAmount": "0.0 oz", "Potential": 1.036, "DisplayColor":  12.5, "ExtractSubstitute": "-"}
{ "Name":"Amber Malt", "Type":"Grain", "Amount":0.000000, "Yeild": 75.0, "Color": 22.0, "AddAfterBoil": false, "Origin":"United Kingdom", "Supplier": "", "Notes":"Roasted specialty malt used in some English browns, milds and old ales to add color and a biscuit taste.  Intense flavor - so limit use. Low diastatic power so must be mashed with well modified malts.", "CoarseFineDiff": 1.5, "Moisture": 2.8, "DiastaticPower": 20.0, "Protein": 10.0, "MaxInBatch": 20.0, "RecommendMash": true, "IBUGalPerPound": 0.000, "DisplayAmount": "0.0 oz", "Potential": 1.035, "DisplayColor":  22.0, "ExtractSubstitute": "Caramel/Crystal Malt - 20L"}
{ "Name":"Aromatic Malt", "Type":"Grain", "Amount":0.000000, "Yeild": 78.0, "Color": 26.0, "AddAfterBoil": false, "Origin":"Belgium", "Supplier": "", "Notes":"Provides a very strong malt flavor and aroma to your beer.", "CoarseFineDiff": 1.5, "Moisture": 4.0, "DiastaticPower": 29.0, "Protein": 11.8, "MaxInBatch": 10.0, "RecommendMash": true, "IBUGalPerPound": 0.000, "DisplayAmount": "0.0 oz", "Potential": 1.036, "DisplayColor":  26.0, "ExtractSubstitute": "Caravienne Malt"}
{ "Name":"Barley Hulls", "Type":"Adjunct", "Amount":0.000000, "Yeild": 0.0, "Color": 0.0, "AddAfterBoil": false, "Origin":"US", "Supplier": "", "Notes":"Hulls are introduced to improve the speed of lautering when making high gravity or high adjunct beers.Hulls are neutral in flavor, body and color, and are inertGood for wheat beers, Wits, and others that have high protein mashes.", "CoarseFineDiff": 0.0, "Moisture": 0.0, "DiastaticPower": 0.0, "Protein": 0.0, "MaxInBatch": 5.0, "RecommendMash": false, "IBUGalPerPound": 0.000, "DisplayAmount": "0.0 oz", "Potential": 1.000, "DisplayColor":  0.0, "ExtractSubstitute": "-"}
{ "Name":"Barley, Flaked", "Type":"Grain", "Amount":0.000000, "Yeild": 70.0, "Color": 1.7, "AddAfterBoil": false, "Origin":"US", "Supplier": "", "Notes":"Adds significant body to Porters and Stouts.  High haze producing protein prevents use in light beers.", "CoarseFineDiff": 1.5, "Moisture": 9.0, "DiastaticPower": 0.0, "Protein": 13.5, "MaxInBatch": 20.0, "RecommendMash": true, "IBUGalPerPound": 0.000, "DisplayAmount": "0.0 oz", "Potential": 1.032, "DisplayColor":  1.7, "ExtractSubstitute": "Carafoam"}
{ "Name":"Barley, Flaked (Thomas Fawcett)", "Type":"Grain", "Amount":0.000000, "Yeild": 76.1, "Color": 2.0, "AddAfterBoil": false, "Origin":"United Kingdom", "Supplier": "Thomas Fawcett &amp; Sons", "Notes":"Flaked barley - may be used in single step mash to increase body of beer.  Typically used in stouts and porters for body and head retention.", "CoarseFineDiff": 1.5, "Moisture": 8.0, "DiastaticPower": 0.0, "Protein": 16.0, "MaxInBatch": 10.0, "RecommendMash": true, "IBUGalPerPound": 0.000, "DisplayAmount": "0.0 oz", "Potential": 1.035, "DisplayColor":  2.0, "ExtractSubstitute": "Carafoam"}
{ "Name":"Barley, Raw", "Type":"Grain", "Amount":0.000000, "Yeild": 60.9, "Color": 2.0, "AddAfterBoil": false, "Origin":"US", "Supplier": "", "Notes":"Raw, unmalted barley can be used to add body to your beer.  Use in homebrew requires very fine milling combined with a decoction or multi-stage mash.  Performs best when used in small quantities with well modified grains.", "CoarseFineDiff": 1.5, "Moisture": 4.0, "DiastaticPower": 0.0, "Protein": 11.7, "MaxInBatch": 15.0, "RecommendMash": true, "IBUGalPerPound": 0.000, "DisplayAmount": "0.0 oz", "Potential": 1.028, "DisplayColor":  2.0, "ExtractSubstitute": "Carafoam"}
{ "Name":"Barley, Torrefied", "Type":"Grain", "Amount":0.000000, "Yeild": 79.0, "Color": 1.7, "AddAfterBoil": false, "Origin":"US", "Supplier": "", "Notes":"Raw barley that has been &quot;popped&quot; open to open kernelsUsed in place of raw barley for faster conversion and higher yields.High in haze producing protein", "CoarseFineDiff": 1.5, "Moisture": 4.0, "DiastaticPower": 0.0, "Protein": 16.0, "MaxInBatch": 40.0, "RecommendMash": true, "IBUGalPerPound": 0.000, "DisplayAmount": "0.0 oz", "Potential": 1.036, "DisplayColor":  1.7, "ExtractSubstitute": ""}
{ "Name":"Biscuit Malt", "Type":"Grain", "Amount":0.000000, "Yeild": 79.0, "Color": 23.0, "AddAfterBoil": false, "Origin":"Belgian", "Supplier": "", "Notes":"Use for English ales, brown ales and porters.Adds a biscuit like flavor and aroma.Can be used as a substitute for toasted malt.", "CoarseFineDiff": 1.5, "Moisture": 4.0, "DiastaticPower": 6.0, "Protein": 10.5, "MaxInBatch": 10.0, "RecommendMash": true, "IBUGalPerPound": 0.000, "DisplayAmount": "0.0 oz", "Potential": 1.036, "DisplayColor":  23.0, "ExtractSubstitute": "Caramel/Crystal Malt - 20L"}
{ "Name":"Black (Patent) Malt", "Type":"Grain", "Amount":0.000000, "Yeild": 55.0, "Color": 500.0, "AddAfterBoil": false, "Origin":"US", "Supplier": "", "Notes":"Dark color and dry roasted flavor characteristic of Stouts and Porters Use for: Coloring in small amounts, or flavoring of Stouts and Porters in larger amounts.", "CoarseFineDiff": 1.5, "Moisture": 6.0, "DiastaticPower": 0.0, "Protein": 13.2, "MaxInBatch": 10.0, "RecommendMash": false, "IBUGalPerPound": 0.000, "DisplayAmount": "0.0 oz", "Potential": 1.025, "DisplayColor":  500.0, "ExtractSubstitute": "-"}
{ "Name":"Black Barley (Stout)", "Type":"Grain", "Amount":0.000000, "Yeild": 55.0, "Color": 500.0, "AddAfterBoil": false, "Origin":"US", "Supplier": "", "Notes":"Unmalted barley roasted at high temperature to create a dry, coffee like flavor.Imparts a sharp acrid flavor characteristic of dry stouts.Gives &quot;dryness&quot; to a stout or porter -- much more so than regular Roasted Barley", "CoarseFineDiff": 1.5, "Moisture": 5.0, "DiastaticPower": 0.0, "Protein": 13.2, "MaxInBatch": 10.0, "RecommendMash": false, "IBUGalPerPound": 0.000, "DisplayAmount": "0.0 oz", "Potential": 1.025, "DisplayColor":  500.0, "ExtractSubstitute": "-"}
{ "Name":"Black Malt (Thomas Fawcett)", "Type":"Grain", "Amount":0.000000, "Yeild": 74.0, "Color": 660.0, "AddAfterBoil": false, "Origin":"United Kingdom", "Supplier": "Thomas Fawcett &amp; Sons", "Notes":"Malted black barley  adds a strong burnt coffee flavor - suitable for stouts and porters.", "CoarseFineDiff": 1.5, "Moisture": 3.0, "DiastaticPower": 0.0, "Protein": 13.0, "MaxInBatch": 10.0, "RecommendMash": false, "IBUGalPerPound": 0.000, "DisplayAmount": "0.0 oz", "Potential": 1.034, "DisplayColor":  660.0, "ExtractSubstitute": "-"}
{ "Name":"Brown Malt", "Type":"Grain", "Amount":0.000000, "Yeild": 70.0, "Color": 65.0, "AddAfterBoil": false, "Origin":"United Kingdom", "Supplier": "", "Notes":"Imparts a dry, biscuit flavor. Used in nut brown ales, porters and some Belgian ales.", "CoarseFineDiff": 1.5, "Moisture": 4.0, "DiastaticPower": 0.0, "Protein": 0.0, "MaxInBatch": 10.0, "RecommendMash": true, "IBUGalPerPound": 0.000, "DisplayAmount": "0.0 oz", "Potential": 1.032, "DisplayColor":  65.0, "ExtractSubstitute": "Caramel/Crystal Malt - 60L"}
{ "Name":"Brown Sugar, Dark", "Type":"Sugar", "Amount":0.000000, "Yeild": 100.0, "Color": 50.0, "AddAfterBoil": false, "Origin":"US", "Supplier": "", "Notes":"Imparts a rich sweet flavor. Used in Scottish ales, holiday ales and some old ales.", "CoarseFineDiff": 0.0, "Moisture": 0.0, "DiastaticPower": 0.0, "Protein": 0.0, "MaxInBatch": 10.0, "RecommendMash": false, "IBUGalPerPound": 0.000, "DisplayAmount": "0.0 oz", "Potential": 1.046, "DisplayColor":  50.0, "ExtractSubstitute": "-"}
{ "Name":"Brown Sugar, Light", "Type":"Sugar", "Amount":0.000000, "Yeild": 100.0, "Color": 8.0, "AddAfterBoil": false, "Origin":"US", "Supplier": "", "Notes":"Imparts a rich sweet flavor. Used in Scottish ales, holiday ales and some old ales.", "CoarseFineDiff": 0.0, "Moisture": 0.0, "DiastaticPower": 0.0, "Protein": 0.0, "MaxInBatch": 10.0, "RecommendMash": false, "IBUGalPerPound": 0.000, "DisplayAmount": "0.0 oz", "Potential": 1.046, "DisplayColor":  8.0, "ExtractSubstitute": "-"}
{ "Name":"Brumalt", "Type":"Grain", "Amount":0.000000, "Yeild": 71.7, "Color": 23.0, "AddAfterBoil": false, "Origin":"Germany", "Supplier": "", "Notes":"Dark German malt developed to add malt flavor of Alt, Marzen and Oktoberfest beers. Helps create authentic maltiness without having to do a decoction mash.  Rarely available for homebrewers.", "CoarseFineDiff": 1.5, "Moisture": 4.0, "DiastaticPower": 0.0, "Protein": 7.0, "MaxInBatch": 10.0, "RecommendMash": true, "IBUGalPerPound": 0.000, "DisplayAmount": "0.0 oz", "Potential": 1.033, "DisplayColor":  23.0, "ExtractSubstitute": "Caramel/Crystal Malt - 20L"}
{ "Name":"Candi Sugar Soft, Brown", "Type":"Sugar", "Amount":0.000000, "Yeild": 87.0, "Color": 40.0, "AddAfterBoil": false, "Origin":"Belgium", "Supplier": "", "Notes":"A by-product of the rock candi and candi syrup making processes. This is the same candi sugar used by Rochefort in Belgium. ", "CoarseFineDiff": 0.0, "Moisture": 0.0, "DiastaticPower": 0.0, "Protein": 0.0, "MaxInBatch": 20.0, "RecommendMash": false, "IBUGalPerPound": 0.000, "DisplayAmount": "0.0 oz", "Potential": 1.040, "DisplayColor":  40.0, "ExtractSubstitute": "-"}
{ "Name":"Candi Sugar Syrup, Dark", "Type":"Sugar", "Amount":0.000000, "Yeild": 67.4, "Color": 80.0, "AddAfterBoil": false, "Origin":"Belgium", "Supplier": "", "Notes":"The same sugar that the breweries themselves are using to craft their smooth, rich, and malty beers that Belgium has been so well known for. Use 5-10 mins at end of the boil.", "CoarseFineDiff": 0.0, "Moisture": 0.0, "DiastaticPower": 0.0, "Protein": 0.0, "MaxInBatch": 20.0, "RecommendMash": false, "IBUGalPerPound": 0.000, "DisplayAmount": "0.0 oz", "Potential": 1.031, "DisplayColor":  80.0, "ExtractSubstitute": "-"}
{ "Name":"Candi Sugar, Amber", "Type":"Sugar", "Amount":0.000000, "Yeild": 76.1, "Color": 75.0, "AddAfterBoil": false, "Origin":"Belgium", "Supplier": "", "Notes":"Crystalized Candi Sugar (Sucrose) used in many Belgian Tripels, Dubbels, and holiday ales.  Adds head retention and sweet aroma to beer.  Darker variants also add color.", "CoarseFineDiff": 0.0, "Moisture": 0.0, "DiastaticPower": 0.0, "Protein": 0.0, "MaxInBatch": 20.0, "RecommendMash": false, "IBUGalPerPound": 0.000, "DisplayAmount": "0.0 oz", "Potential": 1.035, "DisplayColor":  75.0, "ExtractSubstitute": "-"}
{ "Name":"Candi Sugar, Clear", "Type":"Sugar", "Amount":0.000000, "Yeild": 82.6, "Color": 0.5, "AddAfterBoil": false, "Origin":"Belgium", "Supplier": "", "Notes":"Crystalized Candi Sugar (Sucrose) used in many Belgian Tripels, Dubbels, and holiday ales.  Adds head retention and sweet aroma to beer.  Darker variants also add color.", "CoarseFineDiff": 0.0, "Moisture": 0.0, "DiastaticPower": 0.0, "Protein": 0.0, "MaxInBatch": 20.0, "RecommendMash": false, "IBUGalPerPound": 0.000, "DisplayAmount": "0.0 oz", "Potential": 1.038, "DisplayColor":  0.5, "ExtractSubstitute": "-"}
{ "Name":"Candi Sugar, Dark", "Type":"Sugar", "Amount":0.000000, "Yeild": 69.6, "Color": 275.0, "AddAfterBoil": false, "Origin":"Belgium", "Supplier": "", "Notes":"Crystalized Candi Sugar (Sucrose) used in many Belgian Tripels, Dubbels, and holiday ales.  Adds head retention and sweet aroma to beer.  Darker variants also add color.", "CoarseFineDiff": 0.0, "Moisture": 0.0, "DiastaticPower": 0.0, "Protein": 0.0, "MaxInBatch": 20.0, "RecommendMash": false, "IBUGalPerPound": 0.000, "DisplayAmount": "0.0 oz", "Potential": 1.032, "DisplayColor":  275.0, "ExtractSubstitute": "-"}
{ "Name":"Cane (Beet) Sugar", "Type":"Sugar", "Amount":0.000000, "Yeild": 100.0, "Color": 0.0, "AddAfterBoil": false, "Origin":"US", "Supplier": "", "Notes":"Common household baking sugar.Lightens flavor and body of beer.Can contribute a cider-like flavor to the beer if not cold-fermented or used in large quantities.", "CoarseFineDiff": 0.0, "Moisture": 0.0, "DiastaticPower": 0.0, "Protein": 0.0, "MaxInBatch": 7.0, "RecommendMash": false, "IBUGalPerPound": 0.000, "DisplayAmount": "0.0 oz", "Potential": 1.046, "DisplayColor":  0.0, "ExtractSubstitute": "-"}
{ "Name":"Cara-Pils/Dextrine", "Type":"Grain", "Amount":0.000000, "Yeild": 72.0, "Color": 2.0, "AddAfterBoil": false, "Origin":"US", "Supplier": "", "Notes":"Significantly increases foam/head retention and body of the beer.Also sold under the names &quot;Dextrine&quot; and &quot;Cara-Foam&quot;", "CoarseFineDiff": 1.5, "Moisture": 4.0, "DiastaticPower": 0.0, "Protein": 13.2, "MaxInBatch": 20.0, "RecommendMash": false, "IBUGalPerPound": 0.000, "DisplayAmount": "0.0 oz", "Potential": 1.033, "DisplayColor":  2.0, "ExtractSubstitute": "-"}
{ "Name":"Caraamber", "Type":"Grain", "Amount":0.000000, "Yeild": 75.0, "Color": 30.0, "AddAfterBoil": false, "Origin":"US", "Supplier": "", "Notes":"Adds body, color and improves head retention.Also called &quot;Crystal&quot; malt.", "CoarseFineDiff": 1.5, "Moisture": 4.0, "DiastaticPower": 0.0, "Protein": 13.2, "MaxInBatch": 20.0, "RecommendMash": false, "IBUGalPerPound": 0.000, "DisplayAmount": "0.0 oz", "Potential": 1.035, "DisplayColor":  30.0, "ExtractSubstitute": "-"}
{ "Name":"Caraaroma", "Type":"Grain", "Amount":0.000000, "Yeild": 75.0, "Color": 130.0, "AddAfterBoil": false, "Origin":"Germany", "Supplier": "Wyermann", "Notes":"Very dark crystal malt - similar to a crystal 120 or Caramunich 120 malt.  Adds strong caramel flavor, red color, and malty aroma.", "CoarseFineDiff": 1.5, "Moisture": 4.0, "DiastaticPower": 0.0, "Protein": 11.7, "MaxInBatch": 15.0, "RecommendMash": false, "IBUGalPerPound": 0.000, "DisplayAmount": "0.0 oz", "Potential": 1.035, "DisplayColor":  130.0, "ExtractSubstitute": "-"}
{ "Name":"Carafa I", "Type":"Grain", "Amount":0.000000, "Yeild": 70.0, "Color": 337.0, "AddAfterBoil": false, "Origin":"Germany", "Supplier": "Weyermann", "Notes":"Used to intensify aroma and color in dark, Munich beers and stouts.", "CoarseFineDiff": 1.5, "Moisture": 4.0, "DiastaticPower": 0.0, "Protein": 11.7, "MaxInBatch": 5.0, "RecommendMash": false, "IBUGalPerPound": 0.000, "DisplayAmount": "0.0 oz", "Potential": 1.032, "DisplayColor":  337.0, "ExtractSubstitute": "-"}
{ "Name":"Carafa II", "Type":"Grain", "Amount":0.000000, "Yeild": 70.0, "Color": 412.0, "AddAfterBoil": false, "Origin":"Germany", "Supplier": "Weyermann", "Notes":"Used to intensify aroma and color in dark, Munich beers and stouts.", "CoarseFineDiff": 1.5, "Moisture": 4.0, "DiastaticPower": 0.0, "Protein": 11.7, "MaxInBatch": 5.0, "RecommendMash": false, "IBUGalPerPound": 0.000, "DisplayAmount": "0.0 oz", "Potential": 1.032, "DisplayColor":  412.0, "ExtractSubstitute": "-"}
{ "Name":"Carafa III", "Type":"Grain", "Amount":0.000000, "Yeild": 70.0, "Color": 525.0, "AddAfterBoil": false, "Origin":"Germany", "Supplier": "Weyermann", "Notes":"Dark color and aroma - used in some German beers", "CoarseFineDiff": 1.5, "Moisture": 4.0, "DiastaticPower": 0.0, "Protein": 11.7, "MaxInBatch": 5.0, "RecommendMash": false, "IBUGalPerPound": 0.000, "DisplayAmount": "0.0 oz", "Potential": 1.032, "DisplayColor":  525.0, "ExtractSubstitute": "-"}
{ "Name":"Carafoam", "Type":"Grain", "Amount":0.000000, "Yeild": 72.0, "Color": 2.0, "AddAfterBoil": false, "Origin":"US", "Supplier": "", "Notes":"Significantly increases foam/head retention and body of the beer.Also sold under the names &quot;Dextrine&quot; and &quot;Cara-Pils (TM)&quot;", "CoarseFineDiff": 1.5, "Moisture": 4.0, "DiastaticPower": 0.0, "Protein": 13.2, "MaxInBatch": 20.0, "RecommendMash": false, "IBUGalPerPound": 0.000, "DisplayAmount": "0.0 oz", "Potential": 1.033, "DisplayColor":  2.0, "ExtractSubstitute": "-"}
{ "Name":"Caramalt (Thomas Fawcett)", "Type":"Grain", "Amount":0.000000, "Yeild": 74.4, "Color": 15.0, "AddAfterBoil": false, "Origin":"United Kingdom", "Supplier": "Thomas Fawcett &amp; Sons", "Notes":"Made from green malt - imparts a light malt flavor and slight hue.  Suitable for light ales, lagers.", "CoarseFineDiff": 1.5, "Moisture": 7.5, "DiastaticPower": 0.0, "Protein": 11.7, "MaxInBatch": 10.0, "RecommendMash": false, "IBUGalPerPound": 0.000, "DisplayAmount": "0.0 oz", "Potential": 1.034, "DisplayColor":  15.0, "ExtractSubstitute": "-"}
{ "Name":"Caramel Wheat Malt", "Type":"Grain", "Amount":0.000000, "Yeild": 75.0, "Color": 46.0, "AddAfterBoil": false, "Origin":"Germany", "Supplier": "Wyermann", "Notes":"Caramel wheat malt - emphasizes wheat malt aroma and adds color to the beer.  Popular for Dunkelweizens.  Also known as Carawheat -- which is a registered trademark of Wyermann Malting.", "CoarseFineDiff": 1.5, "Moisture": 4.0, "DiastaticPower": 0.0, "Protein": 10.0, "MaxInBatch": 15.0, "RecommendMash": false, "IBUGalPerPound": 0.000, "DisplayAmount": "0.0 oz", "Potential": 1.035, "DisplayColor":  46.0, "ExtractSubstitute": "-"}
{ "Name":"Caramel/Crystal Malt - 10L", "Type":"Grain", "Amount":0.000000, "Yeild": 75.0, "Color": 10.0, "AddAfterBoil": false, "Origin":"US", "Supplier": "", "Notes":"Adds body, color and improves head retention.Also called &quot;Crystal&quot; malt.", "CoarseFineDiff": 1.5, "Moisture": 4.0, "DiastaticPower": 0.0, "Protein": 13.2, "MaxInBatch": 20.0, "RecommendMash": false, "IBUGalPerPound": 0.000, "DisplayAmount": "0.0 oz", "Potential": 1.035, "DisplayColor":  10.0, "ExtractSubstitute": "-"}
{ "Name":"Caramel/Crystal Malt - 20L", "Type":"Grain", "Amount":0.000000, "Yeild": 75.0, "Color": 20.0, "AddAfterBoil": false, "Origin":"US", "Supplier": "", "Notes":"Adds body, color and improves head retention.Also called &quot;Crystal&quot; malt.", "CoarseFineDiff": 1.5, "Moisture": 4.0, "DiastaticPower": 0.0, "Protein": 13.2, "MaxInBatch": 20.0, "RecommendMash": false, "IBUGalPerPound": 0.000, "DisplayAmount": "0.0 oz", "Potential": 1.035, "DisplayColor":  20.0, "ExtractSubstitute": "-"}
{ "Name":"Caramel/Crystal Malt - 30L", "Type":"Grain", "Amount":0.000000, "Yeild": 75.0, "Color": 30.0, "AddAfterBoil": false, "Origin":"US", "Supplier": "", "Notes":"Adds body, color and improves head retention.Also called &quot;Crystal&quot; malt.", "CoarseFineDiff": 1.5, "Moisture": 4.0, "DiastaticPower": 0.0, "Protein": 13.2, "MaxInBatch": 20.0, "RecommendMash": false, "IBUGalPerPound": 0.000, "DisplayAmount": "0.0 oz", "Potential": 1.035, "DisplayColor":  30.0, "ExtractSubstitute": "-"}
{ "Name":"Caramel/Crystal Malt - 40L", "Type":"Grain", "Amount":0.000000, "Yeild": 74.0, "Color": 40.0, "AddAfterBoil": false, "Origin":"US", "Supplier": "", "Notes":"Adds body, color and improves head retention.Also called &quot;Crystal&quot; malt.", "CoarseFineDiff": 1.5, "Moisture": 4.0, "DiastaticPower": 0.0, "Protein": 13.2, "MaxInBatch": 20.0, "RecommendMash": false, "IBUGalPerPound": 0.000, "DisplayAmount": "0.0 oz", "Potential": 1.034, "DisplayColor":  40.0, "ExtractSubstitute": "-"}
{ "Name":"Caramel/Crystal Malt - 60L", "Type":"Grain", "Amount":0.000000, "Yeild": 74.0, "Color": 60.0, "AddAfterBoil": false, "Origin":"US", "Supplier": "", "Notes":"Adds body, color and improves head retention.Also called &quot;Crystal&quot; malt.", "CoarseFineDiff": 1.5, "Moisture": 4.0, "DiastaticPower": 0.0, "Protein": 13.2, "MaxInBatch": 20.0, "RecommendMash": false, "IBUGalPerPound": 0.000, "DisplayAmount": "0.0 oz", "Potential": 1.034, "DisplayColor":  60.0, "ExtractSubstitute": "-"}
{ "Name":"Caramel/Crystal Malt - 80L", "Type":"Grain", "Amount":0.000000, "Yeild": 74.0, "Color": 80.0, "AddAfterBoil": false, "Origin":"US", "Supplier": "", "Notes":"Adds body, color and improves head retention.Also called &quot;Crystal&quot; malt.", "CoarseFineDiff": 1.5, "Moisture": 4.0, "DiastaticPower": 0.0, "Protein": 13.2, "MaxInBatch": 20.0, "RecommendMash": false, "IBUGalPerPound": 0.000, "DisplayAmount": "0.0 oz", "Potential": 1.034, "DisplayColor":  80.0, "ExtractSubstitute": "-"}
{ "Name":"Caramel/Crystal Malt -120L", "Type":"Grain", "Amount":0.000000, "Yeild": 72.0, "Color": 120.0, "AddAfterBoil": false, "Origin":"US", "Supplier": "", "Notes":"Adds body, color and improves head retention.Also called &quot;Crystal&quot; malt.  Very Dark", "CoarseFineDiff": 1.5, "Moisture": 4.0, "DiastaticPower": 0.0, "Protein": 10.2, "MaxInBatch": 20.0, "RecommendMash": false, "IBUGalPerPound": 0.000, "DisplayAmount": "0.0 oz", "Potential": 1.033, "DisplayColor":  120.0, "ExtractSubstitute": "-"}
{ "Name":"Caramunich Malt 20", "Type":"Grain", "Amount":0.000000, "Yeild": 71.7, "Color": 20.0, "AddAfterBoil": false, "Origin":"Belgium", "Supplier": "", "Notes":"Caramel, copper colored malt.  Used in Belgian ales and German bocks.", "CoarseFineDiff": 1.5, "Moisture": 4.0, "DiastaticPower": 0.0, "Protein": 0.0, "MaxInBatch": 10.0, "RecommendMash": false, "IBUGalPerPound": 0.000, "DisplayAmount": "0.0 oz", "Potential": 1.033, "DisplayColor":  20.0, "ExtractSubstitute": "-"}
{ "Name":"Caramunich Malt 40", "Type":"Grain", "Amount":0.000000, "Yeild": 71.7, "Color": 40.0, "AddAfterBoil": false, "Origin":"Belgium", "Supplier": "", "Notes":"Caramel, copper colored malt.  Used in Belgian ales and German bocks.", "CoarseFineDiff": 1.5, "Moisture": 4.0, "DiastaticPower": 0.0, "Protein": 0.0, "MaxInBatch": 10.0, "RecommendMash": false, "IBUGalPerPound": 0.000, "DisplayAmount": "0.0 oz", "Potential": 1.033, "DisplayColor":  40.0, "ExtractSubstitute": "-"}
{ "Name":"Caramunich Malt 60", "Type":"Grain", "Amount":0.000000, "Yeild": 71.7, "Color": 60.0, "AddAfterBoil": false, "Origin":"Belgium", "Supplier": "", "Notes":"Caramel, copper colored malt.  Used in Belgian ales and German bocks.", "CoarseFineDiff": 1.5, "Moisture": 4.0, "DiastaticPower": 0.0, "Protein": 0.0, "MaxInBatch": 10.0, "RecommendMash": false, "IBUGalPerPound": 0.000, "DisplayAmount": "0.0 oz", "Potential": 1.033, "DisplayColor":  60.0, "ExtractSubstitute": "-"}
{ "Name":"Carared", "Type":"Grain", "Amount":0.000000, "Yeild": 75.0, "Color": 20.0, "AddAfterBoil": false, "Origin":"US", "Supplier": "", "Notes":"Adds body, color and improves head retention.Also called &quot;Crystal&quot; malt.", "CoarseFineDiff": 1.5, "Moisture": 4.0, "DiastaticPower": 0.0, "Protein": 13.2, "MaxInBatch": 20.0, "RecommendMash": false, "IBUGalPerPound": 0.000, "DisplayAmount": "0.0 oz", "Potential": 1.035, "DisplayColor":  20.0, "ExtractSubstitute": "-"}
{ "Name":"Caravienne Malt", "Type":"Grain", "Amount":0.000000, "Yeild": 73.9, "Color": 22.0, "AddAfterBoil": false, "Origin":"Belgium", "Supplier": "", "Notes":"Light Belgian crystal malt.  Used in light Trappist and Abbey style Belgian ales.", "CoarseFineDiff": 1.5, "Moisture": 4.0, "DiastaticPower": 0.0, "Protein": 0.0, "MaxInBatch": 10.0, "RecommendMash": false, "IBUGalPerPound": 0.000, "DisplayAmount": "0.0 oz", "Potential": 1.034, "DisplayColor":  22.0, "ExtractSubstitute": "-"}
{ "Name":"Chocolate Malt", "Type":"Grain", "Amount":0.000000, "Yeild": 60.0, "Color": 350.0, "AddAfterBoil": false, "Origin":"US", "Supplier": "", "Notes":"Dark malt that gives a rich red or brown color and nutty flavor. Use for: Brown ales, porters, some stoutsMaintains some malty flavor, not as dark as roasted malt.", "CoarseFineDiff": 1.5, "Moisture": 4.0, "DiastaticPower": 0.0, "Protein": 13.2, "MaxInBatch": 10.0, "RecommendMash": false, "IBUGalPerPound": 0.000, "DisplayAmount": "0.0 oz", "Potential": 1.028, "DisplayColor":  350.0, "ExtractSubstitute": "-"}
{ "Name":"Chocolate Malt", "Type":"Grain", "Amount":0.000000, "Yeild": 73.0, "Color": 450.0, "AddAfterBoil": false, "Origin":"United Kingdom", "Supplier": "", "Notes":"Dark malt that gives a rich red or brown color and nutty flavor. Use for: Brown ales, porters, some stoutsMaintains some malty flavor, not as dark as roasted malt.", "CoarseFineDiff": 1.5, "Moisture": 4.0, "DiastaticPower": 0.0, "Protein": 10.5, "MaxInBatch": 10.0, "RecommendMash": false, "IBUGalPerPound": 0.000, "DisplayAmount": "0.0 oz", "Potential": 1.034, "DisplayColor":  450.0, "ExtractSubstitute": "-"}
{ "Name":"Chocolate Malt (Thomas Fawcett)", "Type":"Grain", "Amount":0.000000, "Yeild": 74.0, "Color": 508.0, "AddAfterBoil": false, "Origin":"United Kingdom", "Supplier": "Thomas Fawcett &amp; Sons", "Notes":"Dark chocolate malt from the UK.  Adds strong coffee flavor to your beer.", "CoarseFineDiff": 1.5, "Moisture": 3.0, "DiastaticPower": 0.0, "Protein": 11.0, "MaxInBatch": 10.0, "RecommendMash": false, "IBUGalPerPound": 0.000, "DisplayAmount": "0.0 oz", "Potential": 1.034, "DisplayColor":  508.0, "ExtractSubstitute": "-"}
{ "Name":"Chocolate Rye Malt", "Type":"Grain", "Amount":0.000000, "Yeild": 67.5, "Color": 250.0, "AddAfterBoil": false, "Origin":"Germany", "Supplier": "Weyermann", "Notes":"Primarily used for color and aroma in top-fermented specialty beers.", "CoarseFineDiff": 1.5, "Moisture": 4.0, "DiastaticPower": 0.0, "Protein": 11.7, "MaxInBatch": 5.0, "RecommendMash": false, "IBUGalPerPound": 0.000, "DisplayAmount": "0.0 oz", "Potential": 1.031, "DisplayColor":  250.0, "ExtractSubstitute": "-"}
{ "Name":"Chocolate Wheat Malt", "Type":"Grain", "Amount":0.000000, "Yeild": 71.0, "Color": 400.0, "AddAfterBoil": false, "Origin":"Germany", "Supplier": "Weyermann", "Notes":"Intensifies aroma and color in top-fermented beers such as dark wheat beers.", "CoarseFineDiff": 1.5, "Moisture": 4.0, "DiastaticPower": 0.0, "Protein": 11.7, "MaxInBatch": 5.0, "RecommendMash": false, "IBUGalPerPound": 0.000, "DisplayAmount": "0.0 oz", "Potential": 1.033, "DisplayColor":  400.0, "ExtractSubstitute": "-"}
{ "Name":"Corn Sugar (Dextrose)", "Type":"Sugar", "Amount":0.000000, "Yeild": 100.0, "Color": 0.0, "AddAfterBoil": false, "Origin":"US", "Supplier": "", "Notes":"Widely used for bottling at rate of approx 2/3 cup per 5 gallons of beer", "CoarseFineDiff": 0.0, "Moisture": 0.0, "DiastaticPower": 0.0, "Protein": 0.0, "MaxInBatch": 5.0, "RecommendMash": false, "IBUGalPerPound": 0.000, "DisplayAmount": "0.0 oz", "Potential": 1.046, "DisplayColor":  0.0, "ExtractSubstitute": "-"}
{ "Name":"Corn Syrup", "Type":"Sugar", "Amount":0.000000, "Yeild": 78.3, "Color": 1.0, "AddAfterBoil": false, "Origin":"US", "Supplier": "", "Notes":"Syrup derived from corn with many of the same properties as corn sugar.  May be used to enhance gravity without adding much body or flavor.  Limit percentage in batch to avoid wine/cider flavors.", "CoarseFineDiff": 0.0, "Moisture": 0.0, "DiastaticPower": 0.0, "Protein": 0.0, "MaxInBatch": 10.0, "RecommendMash": false, "IBUGalPerPound": 0.000, "DisplayAmount": "0.0 oz", "Potential": 1.036, "DisplayColor":  1.0, "ExtractSubstitute": "-"}
{ "Name":"Corn, Flaked", "Type":"Grain", "Amount":0.000000, "Yeild": 80.0, "Color": 1.3, "AddAfterBoil": false, "Origin":"US", "Supplier": "", "Notes":"Generally a neutral flavor, used to reduce maltiness of beerProduces beer with a milder, less malty flavorUses: Primarily for light Bohemian and Pilsner lagers", "CoarseFineDiff": 1.5, "Moisture": 9.0, "DiastaticPower": 0.0, "Protein": 10.0, "MaxInBatch": 40.0, "RecommendMash": true, "IBUGalPerPound": 0.000, "DisplayAmount": "0.0 oz", "Potential": 1.037, "DisplayColor":  1.3, "ExtractSubstitute": "Sugar, Table (Sucrose)"}
{ "Name":"Crystal Malt - 60L (Thomas Fawcett)", "Type":"Grain", "Amount":0.000000, "Yeild": 74.4, "Color": 60.0, "AddAfterBoil": false, "Origin":"United Kingdom", "Supplier": "Thomas Fawcett &amp; Sons", "Notes":"Caramel or crystal malt from Thomas Fawcett.  Adds Toffee caramel flavor.  Improves head retention and body.", "CoarseFineDiff": 1.5, "Moisture": 4.5, "DiastaticPower": 0.0, "Protein": 11.7, "MaxInBatch": 10.0, "RecommendMash": false, "IBUGalPerPound": 0.000, "DisplayAmount": "0.0 oz", "Potential": 1.034, "DisplayColor":  60.0, "ExtractSubstitute": "-"}
{ "Name":"Crystal Rye Malt (Thomas Fawcett)", "Type":"Grain", "Amount":0.000000, "Yeild": 74.4, "Color": 80.0, "AddAfterBoil": false, "Origin":"United Kingdom", "Supplier": "Thomas Fawcett &amp; Sons", "Notes":"Crystalized Rye malt - adds a dry liquorice toffee flavor and quite a bit of color to your beer.", "CoarseFineDiff": 1.5, "Moisture": 4.5, "DiastaticPower": 0.0, "Protein": 8.0, "MaxInBatch": 10.0, "RecommendMash": false, "IBUGalPerPound": 0.000, "DisplayAmount": "0.0 oz", "Potential": 1.034, "DisplayColor":  80.0, "ExtractSubstitute": "-"}
{ "Name":"Crystal Wheat Malt (Thomas Fawcett)", "Type":"Grain", "Amount":0.000000, "Yeild": 74.4, "Color": 63.0, "AddAfterBoil": false, "Origin":"United Kingdom", "Supplier": "Thomas Fawcett &amp; Sons", "Notes":"Crystalized wheat malt - adds a dry biscuity flavor, and quite a bit of color.", "CoarseFineDiff": 1.5, "Moisture": 4.5, "DiastaticPower": 0.0, "Protein": 12.0, "MaxInBatch": 10.0, "RecommendMash": false, "IBUGalPerPound": 0.000, "DisplayAmount": "0.0 oz", "Potential": 1.034, "DisplayColor":  63.0, "ExtractSubstitute": "-"}
{ "Name":"Dark Dry Extract", "Type":"Dry Extract", "Amount":0.000000, "Yeild": 95.0, "Color": 17.5, "AddAfterBoil": false, "Origin":"US", "Supplier": "", "Notes":"Dark dry extract for general purpose use.Use as base or to increase gravity of any dark ale or lager.", "CoarseFineDiff": 0.0, "Moisture": 0.0, "DiastaticPower": 0.0, "Protein": 0.0, "MaxInBatch": 100.0, "RecommendMash": false, "IBUGalPerPound": 0.000, "DisplayAmount": "0.0 oz", "Potential": 1.044, "DisplayColor":  17.5, "ExtractSubstitute": "-"}
{ "Name":"Dark Liquid Extract", "Type":"Extract", "Amount":0.000000, "Yeild": 78.0, "Color": 17.5, "AddAfterBoil": false, "Origin":"US", "Supplier": "", "Notes":"Unhopped dark liquid extract.Use as a base malt for any dark beer.Examples: Porter, Brown ale, Bock, Oktoberfest, Stouts", "CoarseFineDiff": 0.0, "Moisture": 0.0, "DiastaticPower": 0.0, "Protein": 0.0, "MaxInBatch": 100.0, "RecommendMash": false, "IBUGalPerPound": 0.000, "DisplayAmount": "0.0 oz", "Potential": 1.036, "DisplayColor":  17.5, "ExtractSubstitute": "-"}
{ "Name":"Dememera Sugar", "Type":"Sugar", "Amount":0.000000, "Yeild": 100.0, "Color": 2.0, "AddAfterBoil": false, "Origin":"United Kingdom", "Supplier": "", "Notes":"Dark, unrefined brown sugar that contains molasses and other dark impurities.  Great for brown ales and porters.  Adds slight sweetness and smooth character.", "CoarseFineDiff": 0.0, "Moisture": 0.0, "DiastaticPower": 0.0, "Protein": 0.0, "MaxInBatch": 10.0, "RecommendMash": false, "IBUGalPerPound": 0.000, "DisplayAmount": "0.0 oz", "Potential": 1.046, "DisplayColor":  2.0, "ExtractSubstitute": "-"}
{ "Name":"Extra Light Dry Extract", "Type":"Dry Extract", "Amount":0.000000, "Yeild": 95.0, "Color": 3.0, "AddAfterBoil": false, "Origin":"US", "Supplier": "", "Notes":"Very light color dry malt extract for general purpose use.Use as base or to increase gravity of any ale or lager.", "CoarseFineDiff": 0.0, "Moisture": 0.0, "DiastaticPower": 0.0, "Protein": 0.0, "MaxInBatch": 100.0, "RecommendMash": false, "IBUGalPerPound": 0.000, "DisplayAmount": "0.0 oz", "Potential": 1.044, "DisplayColor":  3.0, "ExtractSubstitute": "-"}
{ "Name":"Grits", "Type":"Adjunct", "Amount":0.000000, "Yeild": 80.0, "Color": 1.0, "AddAfterBoil": false, "Origin":"US", "Supplier": "", "Notes":"Imparts a corn or grain taste.  Mash required. Used to increase gravity of American lagers.", "CoarseFineDiff": 0.0, "Moisture": 0.0, "DiastaticPower": 0.0, "Protein": 0.0, "MaxInBatch": 10.0, "RecommendMash": false, "IBUGalPerPound": 0.000, "DisplayAmount": "0.0 oz", "Potential": 1.037, "DisplayColor":  1.0, "ExtractSubstitute": "-"}
{ "Name":"Honey", "Type":"Sugar", "Amount":0.000000, "Yeild": 75.0, "Color": 1.0, "AddAfterBoil": true, "Origin":"US", "Supplier": "", "Notes":"Can be used to lighten flavor and body when substituted for malt.Generally limit to 30% when used as an adjunct. Pasturize and add to primary during fermentation. Use up to 100% for meads.", "CoarseFineDiff": 0.0, "Moisture": 0.0, "DiastaticPower": 0.0, "Protein": 0.0, "MaxInBatch": 100.0, "RecommendMash": false, "IBUGalPerPound": 0.000, "DisplayAmount": "0.0 oz", "Potential": 1.035, "DisplayColor":  1.0, "ExtractSubstitute": "-"}
{ "Name":"Honey Malt", "Type":"Grain", "Amount":0.000000, "Yeild": 80.0, "Color": 25.0, "AddAfterBoil": false, "Origin":"Canada", "Supplier": "Gambrinus", "Notes":"Intensely sweet - adds a sweet malty flavor sometimes associated with honey.  Also called Brumalt.", "CoarseFineDiff": 2.0, "Moisture": 3.8, "DiastaticPower": 0.0, "Protein": 10.5, "MaxInBatch": 10.0, "RecommendMash": true, "IBUGalPerPound": 0.000, "DisplayAmount": "0.0 oz", "Potential": 1.037, "DisplayColor":  25.0, "ExtractSubstitute": "Caramel/Crystal Malt - 20L"}
{ "Name":"Invert Sugar", "Type":"Sugar", "Amount":0.000000, "Yeild": 100.0, "Color": 0.0, "AddAfterBoil": false, "Origin":"United Kingdom", "Supplier": "", "Notes":"Used to increase starting gravity and also as an adjunct for some Belgian and English ales.", "CoarseFineDiff": 0.0, "Moisture": 0.0, "DiastaticPower": 0.0, "Protein": 0.0, "MaxInBatch": 10.0, "RecommendMash": false, "IBUGalPerPound": 0.000, "DisplayAmount": "0.0 oz", "Potential": 1.046, "DisplayColor":  0.0, "ExtractSubstitute": "-"}
{ "Name":"Lager Malt", "Type":"Grain", "Amount":0.000000, "Yeild": 82.5, "Color": 2.0, "AddAfterBoil": false, "Origin":"", "Supplier": "", "Notes":"Very light lager malt used to make Pilsners, Lagers and other light beers.  May be used as a base malt.", "CoarseFineDiff": 1.5, "Moisture": 4.0, "DiastaticPower": 100.0, "Protein": 11.0, "MaxInBatch": 100.0, "RecommendMash": true, "IBUGalPerPound": 0.000, "DisplayAmount": "0.0 oz", "Potential": 1.038, "DisplayColor":  2.0, "ExtractSubstitute": "Pilsner Liquid Extract"}
{ "Name":"Light Dry Extract", "Type":"Dry Extract", "Amount":0.000000, "Yeild": 95.0, "Color": 8.0, "AddAfterBoil": false, "Origin":"US", "Supplier": "", "Notes":"Pale dry malt extract for general purpose use.Use as base or to increase gravity of any full bodied ale or lager.", "CoarseFineDiff": 0.0, "Moisture": 0.0, "DiastaticPower": 0.0, "Protein": 0.0, "MaxInBatch": 100.0, "RecommendMash": false, "IBUGalPerPound": 0.000, "DisplayAmount": "0.0 oz", "Potential": 1.044, "DisplayColor":  8.0, "ExtractSubstitute": "-"}
{ "Name":"Lyle&apos;s Golden Syrup", "Type":"Extract", "Amount":0.000000, "Yeild": 78.3, "Color": 0.0, "AddAfterBoil": false, "Origin":"United Kingdom", "Supplier": "", "Notes":"Liquid Invert Sugar.  Used to increase alcohol and lighten the beer without alterning flavor.  Used in Belgian ales and some English ales.", "CoarseFineDiff": 0.0, "Moisture": 0.0, "DiastaticPower": 0.0, "Protein": 0.0, "MaxInBatch": 20.0, "RecommendMash": false, "IBUGalPerPound": 0.000, "DisplayAmount": "0.0 oz", "Potential": 1.036, "DisplayColor":  0.0, "ExtractSubstitute": "-"}
{ "Name":"Maize, Flaked (Thomas Fawcett)", "Type":"Grain", "Amount":0.000000, "Yeild": 73.9, "Color": 2.0, "AddAfterBoil": false, "Origin":"United Kingdom", "Supplier": "Thomas Fawcett &amp; Sons", "Notes":"Unmalted corn flaked for use in a single step infusion mash.  Used primarily to add fermentables without substantially changing body.  Use in light bodied ales and lagers.", "CoarseFineDiff": 1.5, "Moisture": 8.0, "DiastaticPower": 0.0, "Protein": 6.0, "MaxInBatch": 10.0, "RecommendMash": true, "IBUGalPerPound": 0.000, "DisplayAmount": "0.0 oz", "Potential": 1.034, "DisplayColor":  2.0, "ExtractSubstitute": "Sugar, Table (Sucrose)"}
{ "Name":"Maple Syrup", "Type":"Sugar", "Amount":0.000000, "Yeild": 65.2, "Color": 35.0, "AddAfterBoil": false, "Origin":"US", "Supplier": "", "Notes":"If added during the boil it will add a dry, woodsy flavor. If added at bottling, the smooth maple flavor comes through.  Used for maple ales, porters, browns.", "CoarseFineDiff": 0.0, "Moisture": 0.0, "DiastaticPower": 0.0, "Protein": 0.0, "MaxInBatch": 10.0, "RecommendMash": false, "IBUGalPerPound": 0.000, "DisplayAmount": "0.0 oz", "Potential": 1.030, "DisplayColor":  35.0, "ExtractSubstitute": "-"}
{ "Name":"Melanoiden Malt", "Type":"Grain", "Amount":0.000000, "Yeild": 80.0, "Color": 20.0, "AddAfterBoil": false, "Origin":"Germany", "Supplier": "", "Notes":"Aromatic malt from Banberg, Germany.  Promotes a full flavor and rounds off beer color. Promotes deep red color and malty flavor.", "CoarseFineDiff": 1.3, "Moisture": 3.5, "DiastaticPower": 10.0, "Protein": 11.0, "MaxInBatch": 15.0, "RecommendMash": true, "IBUGalPerPound": 0.000, "DisplayAmount": "0.0 oz", "Potential": 1.037, "DisplayColor":  20.0, "ExtractSubstitute": "Caramel/Crystal Malt - 20L"}
{ "Name":"Mild Malt", "Type":"Grain", "Amount":0.000000, "Yeild": 80.0, "Color": 4.0, "AddAfterBoil": false, "Origin":"United Kingdom", "Supplier": "", "Notes":"Also called &quot;English Mild&quot; - a light specialty malt used in Brown Ales", "CoarseFineDiff": 1.5, "Moisture": 4.0, "DiastaticPower": 53.0, "Protein": 10.6, "MaxInBatch": 100.0, "RecommendMash": true, "IBUGalPerPound": 0.000, "DisplayAmount": "0.0 oz", "Potential": 1.037, "DisplayColor":  4.0, "ExtractSubstitute": "Pale Liquid Extract"}
{ "Name":"Milk Sugar (Lactose)", "Type":"Sugar", "Amount":0.000000, "Yeild": 76.1, "Color": 0.0, "AddAfterBoil": false, "Origin":"US", "Supplier": "", "Notes":"Not fully fermentable, so it adds lasting sweetness. Lactose can be added to lend  sweetness to Sweet Stouts and Porters.", "CoarseFineDiff": 0.0, "Moisture": 0.0, "DiastaticPower": 0.0, "Protein": 0.0, "MaxInBatch": 10.0, "RecommendMash": false, "IBUGalPerPound": 0.000, "DisplayAmount": "0.0 oz", "Potential": 1.035, "DisplayColor":  0.0, "ExtractSubstitute": "-"}
{ "Name":"Molasses", "Type":"Sugar", "Amount":0.000000, "Yeild": 78.3, "Color": 80.0, "AddAfterBoil": false, "Origin":"US", "Supplier": "", "Notes":"Imparts a strong, sweet flavor.  Used primarily in stouts and porters.", "CoarseFineDiff": 0.0, "Moisture": 0.0, "DiastaticPower": 0.0, "Protein": 0.0, "MaxInBatch": 5.0, "RecommendMash": false, "IBUGalPerPound": 0.000, "DisplayAmount": "0.0 oz", "Potential": 1.036, "DisplayColor":  80.0, "ExtractSubstitute": "-"}
{ "Name":"Munich Malt", "Type":"Grain", "Amount":0.000000, "Yeild": 80.0, "Color": 9.0, "AddAfterBoil": false, "Origin":"Germany", "Supplier": "", "Notes":"Malty-sweet flavor characteristic and adds a reddish amber color to the beer.Does not contribute signficantly to body or head retention. Use for: Bock, Porter, Marzen, Oktoberfest beers", "CoarseFineDiff": 1.3, "Moisture": 5.0, "DiastaticPower": 72.0, "Protein": 11.5, "MaxInBatch": 80.0, "RecommendMash": true, "IBUGalPerPound": 0.000, "DisplayAmount": "0.0 oz", "Potential": 1.037, "DisplayColor":  9.0, "ExtractSubstitute": "Amber Liquid Extract"}
{ "Name":"Munich Malt - 10L", "Type":"Grain", "Amount":0.000000, "Yeild": 77.0, "Color": 10.0, "AddAfterBoil": false, "Origin":"US", "Supplier": "", "Notes":"Malty-sweet flavor characteristic and adds a slight orange color to the beer.Does not contribute signficantly to body or head retention. Use for: Bock, Porter, Marzen, Oktoberfest beers", "CoarseFineDiff": 2.8, "Moisture": 5.0, "DiastaticPower": 50.0, "Protein": 13.5, "MaxInBatch": 80.0, "RecommendMash": true, "IBUGalPerPound": 0.000, "DisplayAmount": "0.0 oz", "Potential": 1.035, "DisplayColor":  10.0, "ExtractSubstitute": "Amber Liquid Extract"}
{ "Name":"Munich Malt - 20L", "Type":"Grain", "Amount":0.000000, "Yeild": 75.0, "Color": 20.0, "AddAfterBoil": false, "Origin":"US", "Supplier": "", "Notes":"Malty-sweet flavor characteristic and adds a orange to deep orange color to the beer.Does not contribute signficantly to body or head retention. Use for: Bock, Porter, Marzen, Oktoberfest beers", "CoarseFineDiff": 2.8, "Moisture": 5.0, "DiastaticPower": 25.0, "Protein": 13.5, "MaxInBatch": 80.0, "RecommendMash": true, "IBUGalPerPound": 0.000, "DisplayAmount": "0.0 oz", "Potential": 1.035, "DisplayColor":  20.0, "ExtractSubstitute": "Amber Liquid Extract"}
{ "Name":"Oats, Flaked", "Type":"Grain", "Amount":0.000000, "Yeild": 80.0, "Color": 1.0, "AddAfterBoil": false, "Origin":"US", "Supplier": "", "Notes":"Adds body, mouth feel and head retention to the beerUsed in oatmeal stouts and portersAdds substantial protein haze to light beersProtein rest recommended unless flakes are pregelatinized", "CoarseFineDiff": 1.5, "Moisture": 9.0, "DiastaticPower": 0.0, "Protein": 9.0, "MaxInBatch": 30.0, "RecommendMash": true, "IBUGalPerPound": 0.000, "DisplayAmount": "0.0 oz", "Potential": 1.037, "DisplayColor":  1.0, "ExtractSubstitute": "Carafoam"}
{ "Name":"Oats, Malted", "Type":"Grain", "Amount":0.000000, "Yeild": 80.0, "Color": 1.0, "AddAfterBoil": false, "Origin":"US", "Supplier": "", "Notes":"Malted oats.  Adds body, mouth feel and head retention to the beer  Creates chill haze in lighter beers, so is primarily used in dark ones.", "CoarseFineDiff": 1.5, "Moisture": 9.0, "DiastaticPower": 0.0, "Protein": 9.0, "MaxInBatch": 10.0, "RecommendMash": true, "IBUGalPerPound": 0.000, "DisplayAmount": "0.0 oz", "Potential": 1.037, "DisplayColor":  1.0, "ExtractSubstitute": "Carafoam"}
{ "Name":"Oats, Malted (Thomas Fawcett)", "Type":"Grain", "Amount":0.000000, "Yeild": 71.7, "Color": 2.0, "AddAfterBoil": false, "Origin":"United Kingdom", "Supplier": "Thomas Fawcett &amp; Sons", "Notes":"Malted oats - used in stouts and porters to add body and head retention as well as a unique flavor.", "CoarseFineDiff": 1.5, "Moisture": 4.0, "DiastaticPower": 0.0, "Protein": 13.0, "MaxInBatch": 10.0, "RecommendMash": true, "IBUGalPerPound": 0.000, "DisplayAmount": "0.0 oz", "Potential": 1.033, "DisplayColor":  2.0, "ExtractSubstitute": "Carafoam"}
{ "Name":"Pale Liquid Extract", "Type":"Extract", "Amount":0.000000, "Yeild": 78.0, "Color": 8.0, "AddAfterBoil": false, "Origin":"US", "Supplier": "", "Notes":"Unhopped pale liquid extract.Use as a base malt for any ale or lager.", "CoarseFineDiff": 0.0, "Moisture": 0.0, "DiastaticPower": 0.0, "Protein": 0.0, "MaxInBatch": 100.0, "RecommendMash": false, "IBUGalPerPound": 2.162, "DisplayAmount": "0.0 oz", "Potential": 1.036, "DisplayColor":  8.0, "ExtractSubstitute": "-"}
{ "Name":"Pale Malt (2 Row) Bel", "Type":"Grain", "Amount":0.000000, "Yeild": 80.0, "Color": 3.0, "AddAfterBoil": false, "Origin":"Belgium", "Supplier": "", "Notes":"Base malt for all beer stylesHigher potential yield than US, English equivalent pale ale malts", "CoarseFineDiff": 1.5, "Moisture": 4.0, "DiastaticPower": 60.0, "Protein": 10.5, "MaxInBatch": 100.0, "RecommendMash": true, "IBUGalPerPound": 0.000, "DisplayAmount": "0.0 oz", "Potential": 1.037, "DisplayColor":  3.0, "ExtractSubstitute": "Pale Liquid Extract"}
{ "Name":"Pale Malt (2 Row) UK", "Type":"Grain", "Amount":0.000000, "Yeild": 78.0, "Color": 3.0, "AddAfterBoil": false, "Origin":"United Kingdom", "Supplier": "", "Notes":"Base malt for all English beer stylesLower diastatic power than American 2 Row Pale Malt", "CoarseFineDiff": 1.5, "Moisture": 4.0, "DiastaticPower": 45.0, "Protein": 10.1, "MaxInBatch": 100.0, "RecommendMash": true, "IBUGalPerPound": 0.000, "DisplayAmount": "0.0 oz", "Potential": 1.036, "DisplayColor":  3.0, "ExtractSubstitute": "Pale Liquid Extract"}
{ "Name":"Pale Malt (2 Row) US", "Type":"Grain", "Amount":0.000000, "Yeild": 79.0, "Color": 2.0, "AddAfterBoil": false, "Origin":"US", "Supplier": "", "Notes":"Base malt for all beer styles", "CoarseFineDiff": 1.5, "Moisture": 4.0, "DiastaticPower": 140.0, "Protein": 12.3, "MaxInBatch": 100.0, "RecommendMash": true, "IBUGalPerPound": 0.000, "DisplayAmount": "0.0 oz", "Potential": 1.036, "DisplayColor":  2.0, "ExtractSubstitute": "Pale Liquid Extract"}
{ "Name":"Pale Malt (6 Row) US", "Type":"Grain", "Amount":0.000000, "Yeild": 76.0, "Color": 2.0, "AddAfterBoil": false, "Origin":"US", "Supplier": "", "Notes":"Base malt for all beer styles", "CoarseFineDiff": 1.5, "Moisture": 4.0, "DiastaticPower": 150.0, "Protein": 13.0, "MaxInBatch": 100.0, "RecommendMash": true, "IBUGalPerPound": 0.000, "DisplayAmount": "0.0 oz", "Potential": 1.035, "DisplayColor":  2.0, "ExtractSubstitute": "Pale Liquid Extract"}
{ "Name":"Pale Malt, Golden Promise (Thomas Fawcett)", "Type":"Grain", "Amount":0.000000, "Yeild": 82.0, "Color": 3.0, "AddAfterBoil": false, "Origin":"United Kingdom", "Supplier": "Thomas Fawcett &amp; Sons", "Notes":"Floor malted spring barley from the UK.  Suitable base male for all types of ales.", "CoarseFineDiff": 1.5, "Moisture": 3.0, "DiastaticPower": 120.0, "Protein": 9.1, "MaxInBatch": 100.0, "RecommendMash": true, "IBUGalPerPound": 0.000, "DisplayAmount": "0.0 oz", "Potential": 1.038, "DisplayColor":  3.0, "ExtractSubstitute": "Pale Liquid Extract"}
{ "Name":"Pale Malt, Halcyon (Thomas Fawcett)", "Type":"Grain", "Amount":0.000000, "Yeild": 82.5, "Color": 3.0, "AddAfterBoil": false, "Origin":"United Kingdom", "Supplier": "Thomas Fawcett &amp; Sons", "Notes":"Floor malted winter barley from the UK, suitable for both lagers and ales.", "CoarseFineDiff": 1.5, "Moisture": 3.0, "DiastaticPower": 120.0, "Protein": 9.7, "MaxInBatch": 100.0, "RecommendMash": true, "IBUGalPerPound": 0.000, "DisplayAmount": "0.0 oz", "Potential": 1.038, "DisplayColor":  3.0, "ExtractSubstitute": "Pale Liquid Extract"}
{ "Name":"Pale Malt, Maris Otter", "Type":"Grain", "Amount":0.000000, "Yeild": 82.5, "Color": 3.0, "AddAfterBoil": false, "Origin":"United Kingdom", "Supplier": "Maris Otter", "Notes":"Premium base malt from the UK.  Popular for many English styles of beer including ales, pale ales and bitters.", "CoarseFineDiff": 1.5, "Moisture": 3.0, "DiastaticPower": 120.0, "Protein": 11.7, "MaxInBatch": 100.0, "RecommendMash": true, "IBUGalPerPound": 0.000, "DisplayAmount": "0.0 oz", "Potential": 1.038, "DisplayColor":  3.0, "ExtractSubstitute": "Pale Liquid Extract"}
{ "Name":"Pale Malt, Maris Otter (Thomas Fawcett)", "Type":"Grain", "Amount":0.000000, "Yeild": 82.5, "Color": 3.0, "AddAfterBoil": false, "Origin":"United Kingdom", "Supplier": "Thomas Fawcett &amp; Sons", "Notes":"Premium base malt from the UK.  Popular for many English styles of beer including ales, pale ales and bitters.", "CoarseFineDiff": 1.5, "Moisture": 3.0, "DiastaticPower": 120.0, "Protein": 9.4, "MaxInBatch": 100.0, "RecommendMash": true, "IBUGalPerPound": 0.000, "DisplayAmount": "0.0 oz", "Potential": 1.038, "DisplayColor":  3.0, "ExtractSubstitute": "Pale Liquid Extract"}
{ "Name":"Peat Smoked Malt", "Type":"Grain", "Amount":0.000000, "Yeild": 74.0, "Color": 2.8, "AddAfterBoil": false, "Origin":"United Kingdom", "Supplier": "", "Notes":"Robust smoky malt that provides a smoky flavor.  Used in scottish ales and wee heavy ales.", "CoarseFineDiff": 1.5, "Moisture": 4.0, "DiastaticPower": 0.0, "Protein": 0.0, "MaxInBatch": 20.0, "RecommendMash": true, "IBUGalPerPound": 0.000, "DisplayAmount": "0.0 oz", "Potential": 1.034, "DisplayColor":  2.8, "ExtractSubstitute": ""}
{ "Name":"Pilsner (2 Row) Bel", "Type":"Grain", "Amount":0.000000, "Yeild": 79.0, "Color": 2.0, "AddAfterBoil": false, "Origin":"Belgium", "Supplier": "", "Notes":"Belgian base malt for Continental lagers", "CoarseFineDiff": 1.5, "Moisture": 4.0, "DiastaticPower": 105.0, "Protein": 10.5, "MaxInBatch": 100.0, "RecommendMash": true, "IBUGalPerPound": 0.000, "DisplayAmount": "0.0 oz", "Potential": 1.036, "DisplayColor":  2.0, "ExtractSubstitute": "Pilsner Liquid Extract"}
{ "Name":"Pilsner (2 Row) Ger", "Type":"Grain", "Amount":0.000000, "Yeild": 81.0, "Color": 2.0, "AddAfterBoil": false, "Origin":"Germany", "Supplier": "", "Notes":"German base for Pilsners and Bohemian Lagers", "CoarseFineDiff": 1.5, "Moisture": 4.0, "DiastaticPower": 110.0, "Protein": 11.0, "MaxInBatch": 100.0, "RecommendMash": true, "IBUGalPerPound": 0.000, "DisplayAmount": "0.0 oz", "Potential": 1.037, "DisplayColor":  2.0, "ExtractSubstitute": "Pilsner Liquid Extract"}
{ "Name":"Pilsner (2 Row) UK", "Type":"Grain", "Amount":0.000000, "Yeild": 78.0, "Color": 1.0, "AddAfterBoil": false, "Origin":"United Kingdom", "Supplier": "", "Notes":"Pilsner base malt", "CoarseFineDiff": 1.5, "Moisture": 4.0, "DiastaticPower": 60.0, "Protein": 10.0, "MaxInBatch": 100.0, "RecommendMash": true, "IBUGalPerPound": 0.000, "DisplayAmount": "0.0 oz", "Potential": 1.036, "DisplayColor":  1.0, "ExtractSubstitute": "Pilsner Liquid Extract"}
{ "Name":"Pilsner Liquid Extract", "Type":"Extract", "Amount":0.000000, "Yeild": 78.0, "Color": 3.5, "AddAfterBoil": false, "Origin":"US", "Supplier": "", "Notes":"Unhopped pale liquid extract.Use as a base malt for any ale or lager.", "CoarseFineDiff": 0.0, "Moisture": 0.0, "DiastaticPower": 0.0, "Protein": 0.0, "MaxInBatch": 100.0, "RecommendMash": false, "IBUGalPerPound": 0.000, "DisplayAmount": "0.0 oz", "Potential": 1.036, "DisplayColor":  3.5, "ExtractSubstitute": "-"}
{ "Name":"Rice Extract Syrup", "Type":"Extract", "Amount":0.000000, "Yeild": 69.6, "Color": 7.0, "AddAfterBoil": false, "Origin":"US", "Supplier": "", "Notes":"Used like other rice adjuncts in American and Japenes lagers to provide a dry, clean taste and light body.  Adds gravity without changing body or flavor substantially.  Use in place of corn sugar in small quantities.", "CoarseFineDiff": 0.0, "Moisture": 0.0, "DiastaticPower": 0.0, "Protein": 0.0, "MaxInBatch": 15.0, "RecommendMash": false, "IBUGalPerPound": 0.000, "DisplayAmount": "0.0 oz", "Potential": 1.032, "DisplayColor":  7.0, "ExtractSubstitute": "-"}
{ "Name":"Rice Hulls", "Type":"Adjunct", "Amount":0.000000, "Yeild": 0.0, "Color": 0.0, "AddAfterBoil": false, "Origin":"US", "Supplier": "", "Notes":"Hulls are introduced to improve the speed of lautering when making high gravity or high adjunct beers.Hulls are neutral in flavor, body and color, and are inertGood for wheat beers, Wits, and others that have high protein mashes.", "CoarseFineDiff": 0.0, "Moisture": 0.0, "DiastaticPower": 0.0, "Protein": 0.0, "MaxInBatch": 5.0, "RecommendMash": false, "IBUGalPerPound": 0.000, "DisplayAmount": "0.0 oz", "Potential": 1.000, "DisplayColor":  0.0, "ExtractSubstitute": "-"}
{ "Name":"Rice, Flaked", "Type":"Grain", "Amount":0.000000, "Yeild": 70.0, "Color": 1.0, "AddAfterBoil": false, "Origin":"US", "Supplier": "", "Notes":"Used to add fermentables without increasing body or flavor.Produces a milder, less grainy tasting beer.Examples: American lagers, Bohemian lagers, Pilsners", "CoarseFineDiff": 1.5, "Moisture": 9.0, "DiastaticPower": 0.0, "Protein": 10.0, "MaxInBatch": 25.0, "RecommendMash": true, "IBUGalPerPound": 0.000, "DisplayAmount": "0.0 oz", "Potential": 1.032, "DisplayColor":  1.0, "ExtractSubstitute": "Rice Extract Syrup"}
{ "Name":"Rice, Instant", "Type":"Grain", "Amount":0.000000, "Yeild": 70.0, "Color": 1.0, "AddAfterBoil": false, "Origin":"US", "Supplier": "", "Notes":"Used to add fermentables without increasing body or flavor.Produces a milder, less grainy tasting beer.Examples: American lagers, Bohemian lagers, Pilsners", "CoarseFineDiff": 1.5, "Moisture": 9.0, "DiastaticPower": 0.0, "Protein": 10.0, "MaxInBatch": 25.0, "RecommendMash": true, "IBUGalPerPound": 0.000, "DisplayAmount": "0.0 oz", "Potential": 1.032, "DisplayColor":  1.0, "ExtractSubstitute": "Rice Extract Syrup"}
{ "Name":"Roasted Barley", "Type":"Grain", "Amount":0.000000, "Yeild": 55.0, "Color": 300.0, "AddAfterBoil": false, "Origin":"US", "Supplier": "", "Notes":"Roasted at high temperature to create a burnt, grainy, coffee like flavor.Imparts a red to deep brown color to beer, and very strong roasted flavor.Use 2-4% in Brown ales to add a nutty flavor, or 3-10% in Porters and Stouts for coffee flavor.", "CoarseFineDiff": 1.5, "Moisture": 5.0, "DiastaticPower": 0.0, "Protein": 13.2, "MaxInBatch": 10.0, "RecommendMash": false, "IBUGalPerPound": 0.000, "DisplayAmount": "0.0 oz", "Potential": 1.025, "DisplayColor":  300.0, "ExtractSubstitute": "-"}
{ "Name":"Roasted Barley (Thomas Fawcett)", "Type":"Grain", "Amount":0.000000, "Yeild": 74.0, "Color": 609.0, "AddAfterBoil": false, "Origin":"United Kingdom", "Supplier": "Thomas Fawcett &amp; Sons", "Notes":"Deep roasted barley - adds the dry bitter flavor characteristic of Irish Stouts.", "CoarseFineDiff": 1.5, "Moisture": 3.0, "DiastaticPower": 0.0, "Protein": 13.0, "MaxInBatch": 10.0, "RecommendMash": false, "IBUGalPerPound": 0.000, "DisplayAmount": "0.0 oz", "Potential": 1.034, "DisplayColor":  609.0, "ExtractSubstitute": "-"}
{ "Name":"Rye Malt", "Type":"Grain", "Amount":0.000000, "Yeild": 63.0, "Color": 4.7, "AddAfterBoil": false, "Origin":"US", "Supplier": "", "Notes":"Adds a dry, crisp character to the beer.  Yields a deep red color, and a distinctive rye flavorMust limit to 10-15% fo the mash as it tends to produce &quot;stuck&quot; mashes.", "CoarseFineDiff": 1.5, "Moisture": 4.0, "DiastaticPower": 75.0, "Protein": 10.3, "MaxInBatch": 15.0, "RecommendMash": true, "IBUGalPerPound": 0.000, "DisplayAmount": "0.0 oz", "Potential": 1.029, "DisplayColor":  4.7, "ExtractSubstitute": ""}
{ "Name":"Rye, Flaked", "Type":"Grain", "Amount":0.000000, "Yeild": 78.3, "Color": 2.0, "AddAfterBoil": false, "Origin":"US", "Supplier": "", "Notes":"Imparts a dry, crisp rye flavor to rye beers.  Can be easier to mash than raw rye.", "CoarseFineDiff": 1.5, "Moisture": 4.0, "DiastaticPower": 0.0, "Protein": 0.0, "MaxInBatch": 10.0, "RecommendMash": true, "IBUGalPerPound": 0.000, "DisplayAmount": "0.0 oz", "Potential": 1.036, "DisplayColor":  2.0, "ExtractSubstitute": ""}
{ "Name":"Smoked Malt", "Type":"Grain", "Amount":0.000000, "Yeild": 80.0, "Color": 9.0, "AddAfterBoil": false, "Origin":"Germany", "Supplier": "", "Notes":"Malt that has been smoked over an open fire.Creates a distinctive &quot;smoked&quot; flavor and aroma.Used primarily for German Rauchbier but can also be added to Brown Ales and Porters.", "CoarseFineDiff": 1.5, "Moisture": 4.0, "DiastaticPower": 0.0, "Protein": 11.5, "MaxInBatch": 100.0, "RecommendMash": true, "IBUGalPerPound": 0.000, "DisplayAmount": "0.0 oz", "Potential": 1.037, "DisplayColor":  9.0, "ExtractSubstitute": ""}
{ "Name":"Special B Malt", "Type":"Grain", "Amount":0.000000, "Yeild": 65.2, "Color": 180.0, "AddAfterBoil": false, "Origin":"Belgium", "Supplier": "", "Notes":"Extreme caramel aroma and flavored malt.  Used in dark Belgian Abbey and Trappist ales.  Unique flavor and aroma.", "CoarseFineDiff": 1.5, "Moisture": 4.0, "DiastaticPower": 0.0, "Protein": 0.0, "MaxInBatch": 10.0, "RecommendMash": true, "IBUGalPerPound": 0.000, "DisplayAmount": "0.0 oz", "Potential": 1.030, "DisplayColor":  180.0, "ExtractSubstitute": ""}
{ "Name":"Special Roast", "Type":"Grain", "Amount":0.000000, "Yeild": 72.0, "Color": 50.0, "AddAfterBoil": false, "Origin":"US", "Supplier": "", "Notes":"Use for English ales, nut brown ales and porters.Adds a toasted, biscuit like flavor and aroma", "CoarseFineDiff": 1.5, "Moisture": 2.5, "DiastaticPower": 6.0, "Protein": 10.5, "MaxInBatch": 10.0, "RecommendMash": true, "IBUGalPerPound": 0.000, "DisplayAmount": "0.0 oz", "Potential": 1.033, "DisplayColor":  50.0, "ExtractSubstitute": "Caramel/Crystal Malt - 60L"}
{ "Name":"Sugar, Table (Sucrose)", "Type":"Sugar", "Amount":0.000000, "Yeild": 100.0, "Color": 1.0, "AddAfterBoil": false, "Origin":"US", "Supplier": "", "Notes":"White table sugar, or sucrose primarily is used to increase alcohol. Using too much will add a cider flavor to beer.", "CoarseFineDiff": 0.0, "Moisture": 0.0, "DiastaticPower": 0.0, "Protein": 0.0, "MaxInBatch": 10.0, "RecommendMash": false, "IBUGalPerPound": 0.000, "DisplayAmount": "0.0 oz", "Potential": 1.046, "DisplayColor":  1.0, "ExtractSubstitute": "-"}
{ "Name":"Toasted Malt", "Type":"Grain", "Amount":0.000000, "Yeild": 71.7, "Color": 27.0, "AddAfterBoil": false, "Origin":"United Kingdom", "Supplier": "", "Notes":"Toasted malt can be made at home by toasting pale malted barley for 10-15 minutes at 350 F.  Similar to Biscuit or Victory malt - this malt adds reddish/orange color and improved body without sweetness.  Toasted flavor.  Mashing required to avoid haze.", "CoarseFineDiff": 1.5, "Moisture": 4.0, "DiastaticPower": 0.0, "Protein": 11.7, "MaxInBatch": 10.0, "RecommendMash": true, "IBUGalPerPound": 0.000, "DisplayAmount": "0.0 oz", "Potential": 1.033, "DisplayColor":  27.0, "ExtractSubstitute": "Caramel/Crystal Malt - 30L"}
{ "Name":"Treacle", "Type":"Extract", "Amount":0.000000, "Yeild": 78.3, "Color": 100.0, "AddAfterBoil": false, "Origin":"United Kingdom", "Supplier": "", "Notes":"UK mixture of molasses, invert sugar and golden (corn) syrup.  Imparts an intense sweet flavor and dark color.  Used in dark English ales.  Also called &quot;Black Treacle&quot; or the brand name &quot;Lyle&apos;s Black Treacle Syrup.&quot;", "CoarseFineDiff": 0.0, "Moisture": 0.0, "DiastaticPower": 0.0, "Protein": 0.0, "MaxInBatch": 15.0, "RecommendMash": false, "IBUGalPerPound": 0.000, "DisplayAmount": "0.0 oz", "Potential": 1.036, "DisplayColor":  100.0, "ExtractSubstitute": "-"}
{ "Name":"Turbinado", "Type":"Sugar", "Amount":0.000000, "Yeild": 95.7, "Color": 10.0, "AddAfterBoil": false, "Origin":"United Kingdom", "Supplier": "", "Notes":"Light, raw brown sugar.  May be used in British pale ales or high gravity Belgian ales.  Limit percentage used to avoid undesirable flavors.  Similar to Demerara sugar.", "CoarseFineDiff": 0.0, "Moisture": 0.0, "DiastaticPower": 0.0, "Protein": 0.0, "MaxInBatch": 10.0, "RecommendMash": false, "IBUGalPerPound": 0.000, "DisplayAmount": "0.0 oz", "Potential": 1.044, "DisplayColor":  10.0, "ExtractSubstitute": "-"}
{ "Name":"Victory Malt", "Type":"Grain", "Amount":0.000000, "Yeild": 73.0, "Color": 25.0, "AddAfterBoil": false, "Origin":"US", "Supplier": "", "Notes":"Toasted malt that adds a &quot;Biscuit&quot; or toasted flavor to English ales. Use for: Nut brown ales, porters", "CoarseFineDiff": 1.5, "Moisture": 4.0, "DiastaticPower": 50.0, "Protein": 13.2, "MaxInBatch": 15.0, "RecommendMash": true, "IBUGalPerPound": 0.000, "DisplayAmount": "0.0 oz", "Potential": 1.034, "DisplayColor":  25.0, "ExtractSubstitute": "Caramel/Crystal Malt - 30L"}
{ "Name":"Vienna Malt", "Type":"Grain", "Amount":0.000000, "Yeild": 78.0, "Color": 3.5, "AddAfterBoil": false, "Origin":"Germany", "Supplier": "", "Notes":"Kiln dried malt darker than Pale Malt, but not as dark as Munich MaltImparts a golden to orange color to the beer.", "CoarseFineDiff": 1.5, "Moisture": 4.0, "DiastaticPower": 50.0, "Protein": 11.0, "MaxInBatch": 90.0, "RecommendMash": true, "IBUGalPerPound": 0.000, "DisplayAmount": "0.0 oz", "Potential": 1.036, "DisplayColor":  3.5, "ExtractSubstitute": "Pale Liquid Extract"}
{ "Name":"Wheat Dry Extract", "Type":"Dry Extract", "Amount":0.000000, "Yeild": 95.0, "Color": 8.0, "AddAfterBoil": false, "Origin":"US", "Supplier": "", "Notes":"Wheat based dry extract for use in all wheat beers.Use as base or to increase gravity of any wheat beer.Examples: Weizen, weiss, wheat ales and lagers", "CoarseFineDiff": 0.0, "Moisture": 0.0, "DiastaticPower": 0.0, "Protein": 0.0, "MaxInBatch": 100.0, "RecommendMash": false, "IBUGalPerPound": 0.000, "DisplayAmount": "0.0 oz", "Potential": 1.044, "DisplayColor":  8.0, "ExtractSubstitute": "-"}
{ "Name":"Wheat Liquid Extract", "Type":"Extract", "Amount":0.000000, "Yeild": 78.0, "Color": 8.0, "AddAfterBoil": false, "Origin":"US", "Supplier": "", "Notes":"Unhopped Wheat liquid malt extract.Contains approx 60% Wheat, 40% BarleyUse for Bavarian wheats, weizens, weiss and dunkel weizen styles.", "CoarseFineDiff": 0.0, "Moisture": 0.0, "DiastaticPower": 0.0, "Protein": 0.0, "MaxInBatch": 100.0, "RecommendMash": false, "IBUGalPerPound": 0.000, "DisplayAmount": "0.0 oz", "Potential": 1.036, "DisplayColor":  8.0, "ExtractSubstitute": "-"}
{ "Name":"Wheat Malt, Bel", "Type":"Grain", "Amount":0.000000, "Yeild": 81.0, "Color": 2.0, "AddAfterBoil": false, "Origin":"Belgium", "Supplier": "", "Notes":"Malted wheat for use in Wheat beers", "CoarseFineDiff": 1.5, "Moisture": 4.0, "DiastaticPower": 74.0, "Protein": 11.5, "MaxInBatch": 60.0, "RecommendMash": true, "IBUGalPerPound": 0.000, "DisplayAmount": "0.0 oz", "Potential": 1.037, "DisplayColor":  2.0, "ExtractSubstitute": "Wheat Liquid Extract"}
{ "Name":"Wheat Malt, Dark", "Type":"Grain", "Amount":0.000000, "Yeild": 84.0, "Color": 9.0, "AddAfterBoil": false, "Origin":"Germany", "Supplier": "", "Notes":"Dark malted wheat base for use in dark wheat styles such as Dunkleweizen.", "CoarseFineDiff": 1.5, "Moisture": 3.5, "DiastaticPower": 10.0, "Protein": 11.5, "MaxInBatch": 20.0, "RecommendMash": true, "IBUGalPerPound": 0.000, "DisplayAmount": "0.0 oz", "Potential": 1.039, "DisplayColor":  9.0, "ExtractSubstitute": "Wheat Liquid Extract"}
{ "Name":"Wheat Malt, Ger", "Type":"Grain", "Amount":0.000000, "Yeild": 84.0, "Color": 2.0, "AddAfterBoil": false, "Origin":"Germany", "Supplier": "", "Notes":"Malted wheat base for use in all wheat styles", "CoarseFineDiff": 1.5, "Moisture": 4.0, "DiastaticPower": 95.0, "Protein": 12.5, "MaxInBatch": 60.0, "RecommendMash": true, "IBUGalPerPound": 0.000, "DisplayAmount": "0.0 oz", "Potential": 1.039, "DisplayColor":  2.0, "ExtractSubstitute": "Wheat Liquid Extract"}
{ "Name":"Wheat, Flaked", "Type":"Grain", "Amount":0.000000, "Yeild": 77.0, "Color": 1.6, "AddAfterBoil": false, "Origin":"US", "Supplier": "", "Notes":"Flaked wheat adds to increased body and foam retentionUsed in place of raw or torrified wheat for faster conversion and better yield.May be used in small amounts to improve head retention and bodyExamples: Belgian White beer, Wit", "CoarseFineDiff": 1.5, "Moisture": 9.0, "DiastaticPower": 0.0, "Protein": 16.0, "MaxInBatch": 40.0, "RecommendMash": true, "IBUGalPerPound": 0.000, "DisplayAmount": "0.0 oz", "Potential": 1.035, "DisplayColor":  1.6, "ExtractSubstitute": "Wheat Liquid Extract"}
{ "Name":"Wheat, Roasted", "Type":"Grain", "Amount":0.000000, "Yeild": 54.3, "Color": 425.0, "AddAfterBoil": false, "Origin":"Germany", "Supplier": "", "Notes":"Also called Chocolate Wheat Malt.  Kilned raw wheat - adds a deep, dark brown color to dunkelweizens and other dark beer styles. Roasted, woody, charcoal or burnt toast flavor depending on degree of roasting.", "CoarseFineDiff": 1.5, "Moisture": 4.0, "DiastaticPower": 0.0, "Protein": 13.0, "MaxInBatch": 10.0, "RecommendMash": true, "IBUGalPerPound": 0.000, "DisplayAmount": "0.0 oz", "Potential": 1.025, "DisplayColor":  425.0, "ExtractSubstitute": "Wheat Liquid Extract"}
{ "Name":"Wheat, Torrified", "Type":"Grain", "Amount":0.000000, "Yeild": 79.0, "Color": 1.7, "AddAfterBoil": false, "Origin":"US", "Supplier": "", "Notes":"Unmodified wheat that has been &quot;popped&quot; to open the kernelsUsed primarily in place of raw wheat when making Belgian White and WitFaster conversion and higher yield than raw wheatProtein rest recommended when mashing", "CoarseFineDiff": 1.5, "Moisture": 9.0, "DiastaticPower": 0.0, "Protein": 16.0, "MaxInBatch": 40.0, "RecommendMash": true, "IBUGalPerPound": 0.000, "DisplayAmount": "0.0 oz", "Potential": 1.036, "DisplayColor":  1.7, "ExtractSubstitute": "Wheat Liquid Extract"}
{ "Name":"Wheat, Torrified (Thomas Fawcett)", "Type":"Grain", "Amount":0.000000, "Yeild": 76.1, "Color": 2.0, "AddAfterBoil": false, "Origin":"United Kingdom", "Supplier": "Thomas Fawcett &amp; Sons", "Notes":"Unmalted wheat torrified for use in a single step infusion.  Typically used for Wits and other wheats where raw unmalted wheat is called for.", "CoarseFineDiff": 1.5, "Moisture": 6.0, "DiastaticPower": 0.0, "Protein": 16.0, "MaxInBatch": 10.0, "RecommendMash": true, "IBUGalPerPound": 0.000, "DisplayAmount": "0.0 oz", "Potential": 1.035, "DisplayColor":  2.0, "ExtractSubstitute": "Wheat Liquid Extract"}
{ "Name":"White Wheat Malt", "Type":"Grain", "Amount":0.000000, "Yeild": 86.0, "Color": 2.4, "AddAfterBoil": false, "Origin":"US", "Supplier": "", "Notes":"White wheat gives a malty flavor not available from raw wheat.Used in Weiss, Wit and White beers", "CoarseFineDiff": 2.2, "Moisture": 4.0, "DiastaticPower": 130.0, "Protein": 14.5, "MaxInBatch": 60.0, "RecommendMash": true, "IBUGalPerPound": 0.000, "DisplayAmount": "0.0 oz", "Potential": 1.040, "DisplayColor":  2.4, "ExtractSubstitute": "Wheat Liquid Extract"}
