{ "Name":"Antwerp, Belgium", "Calcium": 90.0, "Magnesium": 11.0, "Sodium": 37.0, "Sulfate": 84.0, "Chloride": 57.0, "Bicarbonate": 76.0, "Amount":0.0, "PH": 0.0 , "Notes":""}
{ "Name":"Atlanta, GA", "Calcium": 6.0, "Magnesium": 1.0, "Sodium": 3.0, "Sulfate": 7.0, "Chloride": 0.0, "Bicarbonate": 19.0, "Amount":0.0, "PH": 0.0 , "Notes":""}
{ "Name":"Boston, MA", "Calcium": 4.0, "Magnesium": 1.0, "Sodium": 10.0, "Sulfate": 8.0, "Chloride": 14.0, "Bicarbonate": 10.0, "Amount":0.0, "PH": 0.0 , "Notes":""}
{ "Name":"Burton On Trent, UK", "Calcium": 295.0, "Magnesium": 45.0, "Sodium": 55.0, "Sulfate": 725.0, "Chloride": 25.0, "Bicarbonate": 300.0, "Amount":0.0, "PH": 0.0 , "Notes":""}
{ "Name":"Chicago, IL", "Calcium": 34.0, "Magnesium": 11.0, "Sodium": 6.0, "Sulfate": 25.0, "Chloride": 11.0, "Bicarbonate": 106.0, "Amount":0.0, "PH": 0.0 , "Notes":""}
{ "Name":"Dallas, TX", "Calcium": 24.0, "Magnesium": 3.0, "Sodium": 17.0, "Sulfate": 44.0, "Chloride": 34.0, "Bicarbonate": 45.0, "Amount":0.0, "PH": 0.0 , "Notes":""}
{ "Name":"Deer Park (R), Bottled Water", "Calcium": 3.8, "Magnesium": 1.2, "Sodium": 2.8, "Sulfate": 6.0, "Chloride": 0.5, "Bicarbonate": 32.9, "Amount":0.0, "PH": 0.0 , "Notes":""}
{ "Name":"Denver, Colorado", "Calcium": 31.5, "Magnesium": 8.5, "Sodium": 21.4, "Sulfate": 50.8, "Chloride": 23.5, "Bicarbonate": 104.0, "Amount":0.0, "PH": 0.0 , "Notes":""}
{ "Name":"Distilled Water", "Calcium": 0.0, "Magnesium": 0.0, "Sodium": 0.0, "Sulfate": 0.0, "Chloride": 0.0, "Bicarbonate": 0.0, "Amount":0.0, "PH": 0.0 , "Notes":""}
{ "Name":"Dortmund, Germany", "Calcium": 250.0, "Magnesium": 25.0, "Sodium": 70.0, "Sulfate": 280.0, "Chloride": 100.0, "Bicarbonate": 550.0, "Amount":0.0, "PH": 0.0 , "Notes":""}
{ "Name":"Dublin, Ireland", "Calcium": 115.0, "Magnesium": 4.0, "Sodium": 12.0, "Sulfate": 55.0, "Chloride": 19.0, "Bicarbonate": 200.0, "Amount":0.0, "PH": 0.0 , "Notes":""}
{ "Name":"Edinburg, Scotland", "Calcium": 120.0, "Magnesium": 25.0, "Sodium": 55.0, "Sulfate": 140.0, "Chloride": 20.0, "Bicarbonate": 225.0, "Amount":0.0, "PH": 0.0 , "Notes":""}
{ "Name":"London, England", "Calcium": 52.0, "Magnesium": 16.0, "Sodium": 99.0, "Sulfate": 77.0, "Chloride": 60.0, "Bicarbonate": 156.0, "Amount":0.0, "PH": 0.0 , "Notes":""}
{ "Name":"Los Angeles, CA (East)", "Calcium": 63.0, "Magnesium": 22.0, "Sodium": 84.0, "Sulfate": 151.0, "Chloride": 99.0, "Bicarbonate": 0.0, "Amount":0.0, "PH": 0.0 , "Notes":""}
{ "Name":"Los Angeles, CA (West)", "Calcium": 32.0, "Magnesium": 14.0, "Sodium": 68.0, "Sulfate": 75.0, "Chloride": 85.0, "Bicarbonate": 105.0, "Amount":0.0, "PH": 0.0 , "Notes":""}
{ "Name":"Milwaukee, WI", "Calcium": 96.0, "Magnesium": 47.0, "Sodium": 7.0, "Sulfate": 26.0, "Chloride": 16.0, "Bicarbonate": 107.0, "Amount":0.0, "PH": 0.0 , "Notes":""}
{ "Name":"Munich, Germany", "Calcium": 75.0, "Magnesium": 20.0, "Sodium": 10.0, "Sulfate": 10.0, "Chloride": 2.0, "Bicarbonate": 200.0, "Amount":0.0, "PH": 0.0 , "Notes":""}
{ "Name":"New York, NY", "Calcium": 13.0, "Magnesium": 4.0, "Sodium": 11.0, "Sulfate": 12.0, "Chloride": 21.0, "Bicarbonate": 29.0, "Amount":0.0, "PH": 0.0 , "Notes":""}
{ "Name":"Pilsen, Czech", "Calcium": 7.0, "Magnesium": 2.0, "Sodium": 2.0, "Sulfate": 5.0, "Chloride": 5.0, "Bicarbonate": 15.0, "Amount":0.0, "PH": 0.0 , "Notes":""}
{ "Name":"Portland OR", "Calcium": 2.0, "Magnesium": 1.0, "Sodium": 2.0, "Sulfate": 0.0, "Chloride": 2.0, "Bicarbonate": 9.0, "Amount":0.0, "PH": 0.0 , "Notes":""}
{ "Name":"Salt Lake City, UT", "Calcium": 30.0, "Magnesium": 17.0, "Sodium": 5.0, "Sulfate": 12.0, "Chloride": 7.0, "Bicarbonate": 252.0, "Amount":0.0, "PH": 0.0 , "Notes":""}
{ "Name":"Seattle, WA", "Calcium": 17.0, "Magnesium": 1.0, "Sodium": 4.0, "Sulfate": 2.0, "Chloride": 4.0, "Bicarbonate": 18.0, "Amount":0.0, "PH": 0.0 , "Notes":""}
{ "Name":"Vienna, Austria", "Calcium": 200.0, "Magnesium": 60.0, "Sodium": 8.0, "Sulfate": 125.0, "Chloride": 12.0, "Bicarbonate": 120.0, "Amount":0.0, "PH": 0.0 , "Notes":""}
{ "Name":"Washington, DC", "Calcium": 38.0, "Magnesium": 9.4, "Sodium": 19.4, "Sulfate": 32.7, "Chloride": 35.6, "Bicarbonate": 10.0, "Amount":0.0, "PH": 0.0 , "Notes":""}
