{  "Name":"American Megabrewery", "Type":"Lager", "Form":"Liquid", "Amount":0.0100000, "AmountIsWeight":false, "Laboratory":"Brewtek", "ProductID":"CL-0620", "MinTemperature":8.8889, "MaxTemperature":14.4444, "Flocculation":"Medium", "Attenuation":73.0, "Notes":"Smooth yeast with a slight fruity flavor.  Lagers into a smooth, clean tasting beer.  Use for light, clean lager styles with unobtrusive yeast character.", "BestFor":"Light, Clean American style lagers.", "MaxReuse":5, "TimesCultured":0, "AddToSecondary":false }
{  "Name":"American Microbrewery Ale #1", "Type":"Ale", "Form":"Liquid", "Amount":0.0100000, "AmountIsWeight":false, "Laboratory":"Brewtek", "ProductID":"CL-0010", "MinTemperature":13.3333, "MaxTemperature":22.2222, "Flocculation":"Medium", "Attenuation":75.0, "Notes":"Smooth, clean, strong fermenting ale yeast that works well at cold temperature.  Clean malt flavor is ideal for cream ales.", "BestFor":"American Ales, Cream Ales", "MaxReuse":5, "TimesCultured":0, "AddToSecondary":false }
{  "Name":"American Microbrewery Ale #2", "Type":"Ale", "Form":"Liquid", "Amount":0.0100000, "AmountIsWeight":false, "Laboratory":"Brewtek", "ProductID":"CL-0020", "MinTemperature":13.3333, "MaxTemperature":22.2222, "Flocculation":"Medium", "Attenuation":75.0, "Notes":"Accentuated, rich, creamy malt profile.  Generous amounts of diacytl.  Use for low gravity beers where malt character is needed or stronger beers for a robust character.", "BestFor":"American ales", "MaxReuse":5, "TimesCultured":0, "AddToSecondary":false }
{  "Name":"American Microbrewery Lager", "Type":"Lager", "Form":"Liquid", "Amount":0.0100000, "AmountIsWeight":false, "Laboratory":"Brewtek", "ProductID":"CL-0630", "MinTemperature":8.8889, "MaxTemperature":14.4444, "Flocculation":"Medium", "Attenuation":73.0, "Notes":"Strong fermenter. Leaves a clean, full flavored, malty finish.  Slightly attenuative.  Versatile for most lager styles with a clean full flavor.", "BestFor":"All lager styles", "MaxReuse":5, "TimesCultured":0, "AddToSecondary":false }
{  "Name":"American White Ale", "Type":"Wheat", "Form":"Liquid", "Amount":0.0100000, "AmountIsWeight":false, "Laboratory":"Brewtek", "ProductID":"CL-0980", "MinTemperature":12.7778, "MaxTemperature":20.0000, "Flocculation":"Low", "Attenuation":73.0, "Notes":"Smooth wheat yeast with a round, clean, malt flavor.  Low flocculation leaves cloudy Hefe-Weizen finish.  Smooth flavor makes a great unfiltered wheat beer.", "BestFor":"Hefe-Weizen, American Wheat", "MaxReuse":5, "TimesCultured":0, "AddToSecondary":false }
{  "Name":"Belgian Ale #1", "Type":"Ale", "Form":"Liquid", "Amount":0.0100000, "AmountIsWeight":false, "Laboratory":"Brewtek", "ProductID":"CL-0300", "MinTemperature":16.6667, "MaxTemperature":22.2222, "Flocculation":"Medium", "Attenuation":75.0, "Notes":"Produces classic Belgian ale flavor.  Robust, estery with notes of clove and fruit. Ferments well in high gravity worts.", "BestFor":"Belgian Ales, High gravity ales.", "MaxReuse":5, "TimesCultured":0, "AddToSecondary":false }
{  "Name":"Belgian Ale #2", "Type":"Ale", "Form":"Liquid", "Amount":0.0100000, "AmountIsWeight":false, "Laboratory":"Brewtek", "ProductID":"CL-0320", "MinTemperature":16.6667, "MaxTemperature":22.2222, "Flocculation":"Low", "Attenuation":75.0, "Notes":"Flanders style yeast.  Strong fermenting yeast attenuates well and produces fruity, malty, estery malt profile.  Slow to flocculate.", "BestFor":"Flanders style Belgian Ales, Belgian Brown, Fruit beers", "MaxReuse":5, "TimesCultured":0, "AddToSecondary":false }
{  "Name":"Belgian Ale #3", "Type":"Ale", "Form":"Liquid", "Amount":0.0100000, "AmountIsWeight":false, "Laboratory":"Brewtek", "ProductID":"CL-0340", "MinTemperature":16.6667, "MaxTemperature":22.2222, "Flocculation":"Medium", "Attenuation":75.0, "Notes":"Slightly more refined than CL-300.  Produces the classic Trappist ale character with esters of spice and fruit. Mildly phenolic.  Strong fermenting yeast.", "BestFor":"Belgian ales, Trappist Ales", "MaxReuse":5, "TimesCultured":0, "AddToSecondary":false }
{  "Name":"Belgian Wheat", "Type":"Wheat", "Form":"Liquid", "Amount":0.0100000, "AmountIsWeight":false, "Laboratory":"Brewtek", "ProductID":"CL-0900", "MinTemperature":12.7778, "MaxTemperature":20.0000, "Flocculation":"Medium", "Attenuation":73.0, "Notes":"Top fermenting yeast with a soft bread-like character.  Leaves a sweet, mildly estery finish.  Delicious Belgian character to any beer.  Great in Wit style with coriander and bitter orange peel.", "BestFor":"Belgian Pils, Belgian Wit", "MaxReuse":5, "TimesCultured":0, "AddToSecondary":false }
{  "Name":"Brettanomyces Lambicus", "Type":"Ale", "Form":"Liquid", "Amount":0.0100000, "AmountIsWeight":false, "Laboratory":"Brewtek", "ProductID":"CL-5200", "MinTemperature":8.8889, "MaxTemperature":20.0000, "Flocculation":"Medium", "Attenuation":73.0, "Notes":"Wild yeast strain associated with Belgian breweries.  Contributes horsey, old leather flavor complex to Belgian lambics.  Slow growing yeast that takes weeks to ferment and months to develop fully.", "BestFor":"Belgian Lambic beers", "MaxReuse":5, "TimesCultured":0, "AddToSecondary":true }
{  "Name":"British Draft Ale", "Type":"Ale", "Form":"Liquid", "Amount":0.0100000, "AmountIsWeight":false, "Laboratory":"Brewtek", "ProductID":"CL-0160", "MinTemperature":16.6667, "MaxTemperature":22.2222, "Flocculation":"Medium", "Attenuation":75.0, "Notes":"Full bodied, well rounded ale yeast with a touch of diacytl.  Emphasizes malt character.  Great for porters and bitters.", "BestFor":"Porters and Bitters.", "MaxReuse":5, "TimesCultured":0, "AddToSecondary":false }
{  "Name":"British Microbrewery Ale", "Type":"Ale", "Form":"Liquid", "Amount":0.0100000, "AmountIsWeight":false, "Laboratory":"Brewtek", "ProductID":"CL-0110", "MinTemperature":16.6667, "MaxTemperature":22.2222, "Flocculation":"Medium", "Attenuation":75.0, "Notes":"Complex oakey, and fruity ester profile.  Slightly under-attenuated finish leaves some residual malt flavor.  Suitable for low to medium gravity bitters and ales.", "BestFor":"English Bitters and Milds", "MaxReuse":5, "TimesCultured":0, "AddToSecondary":false }
{  "Name":"British Pale Ale #1", "Type":"Ale", "Form":"Liquid", "Amount":0.0100000, "AmountIsWeight":false, "Laboratory":"Brewtek", "ProductID":"CL-0120", "MinTemperature":16.6667, "MaxTemperature":22.2222, "Flocculation":"Medium", "Attenuation":75.0, "Notes":"Bold, citrusy character which accentuates mineral and hop flavors.  Distinct character of a classic Pale Ale.", "BestFor":"British Pale Ales and Bitters.", "MaxReuse":5, "TimesCultured":0, "AddToSecondary":false }
{  "Name":"British Pale Ale #2", "Type":"Ale", "Form":"Liquid", "Amount":0.0100000, "AmountIsWeight":false, "Laboratory":"Brewtek", "ProductID":"CL-0130", "MinTemperature":16.6667, "MaxTemperature":22.2222, "Flocculation":"Medium", "Attenuation":75.0, "Notes":"Smooth, full bodied, well roundd ale yeast. Mild esters.  Strong ferementer suitable for strong or spiced ales.  Accentuates caramel and malt flavors.", "BestFor":"British Pale Ale, other British Ales", "MaxReuse":5, "TimesCultured":0, "AddToSecondary":false }
{  "Name":"British Real Ale", "Type":"Ale", "Form":"Liquid", "Amount":0.0100000, "AmountIsWeight":false, "Laboratory":"Brewtek", "ProductID":"CL-0150", "MinTemperature":16.6667, "MaxTemperature":22.2222, "Flocculation":"Medium", "Attenuation":70.0, "Notes":"Great for real pub bitters.  Has a complex, woody flavor and musty ester profile that characterizes real ale.  Underattenuating to leave mild sweetness to the finish.", "BestFor":"Bitters and other English Ales", "MaxReuse":5, "TimesCultured":0, "AddToSecondary":false }
{  "Name":"California Esteem", "Type":"Lager", "Form":"Liquid", "Amount":0.0100000, "AmountIsWeight":false, "Laboratory":"Brewtek", "ProductID":"CL-0690", "MinTemperature":8.8889, "MaxTemperature":18.3333, "Flocculation":"Medium", "Attenuation":73.0, "Notes":"Use for California Common Beers (aka Steam Beer).  Leaves a slightly estery, well attenuated finish.  Quite distinct in flavor.  Can also be used for complex porters.", "BestFor":"California Common Beer, American or Robust porters", "MaxReuse":5, "TimesCultured":0, "AddToSecondary":false }
{  "Name":"California Pub Ale", "Type":"Ale", "Form":"Liquid", "Amount":0.0100000, "AmountIsWeight":false, "Laboratory":"Brewtek", "ProductID":"CL-0050", "MinTemperature":13.3333, "MaxTemperature":22.2222, "Flocculation":"Medium", "Attenuation":75.0, "Notes":"A well rounded yeast that accentuates the carmel malt", "BestFor":"American ales, Red ales, RyeIPA", "MaxReuse":5, "TimesCultured":0, "AddToSecondary":false }
{  "Name":"Canadian Ale", "Type":"Ale", "Form":"Liquid", "Amount":0.0100000, "AmountIsWeight":false, "Laboratory":"Brewtek", "ProductID":"CL-0260", "MinTemperature":16.6667, "MaxTemperature":22.2222, "Flocculation":"Medium", "Attenuation":75.0, "Notes":"Clean, strong fermenting, well attenuated ale yeast that leaves a pleasant, fruity, complex finish.", "BestFor":"Light Canadian Ales, Bitish Bitter, Pale Ale, Porters", "MaxReuse":5, "TimesCultured":0, "AddToSecondary":false }
{  "Name":"Classic British Ale", "Type":"Ale", "Form":"Liquid", "Amount":0.0100000, "AmountIsWeight":false, "Laboratory":"Brewtek", "ProductID":"CL-0170", "MinTemperature":16.6667, "MaxTemperature":22.2222, "Flocculation":"Medium", "Attenuation":75.0, "Notes":"Complex ale with British tones and fruit like esters.  Works well in high gravity ales such as scottish heavy as well.", "BestFor":"Bitters, Porters, Scottish Heavy Ales.", "MaxReuse":5, "TimesCultured":0, "AddToSecondary":false }
{  "Name":"East European Lager", "Type":"Lager", "Form":"Liquid", "Amount":0.0100000, "AmountIsWeight":false, "Laboratory":"Brewtek", "ProductID":"CL-0680", "MinTemperature":8.8889, "MaxTemperature":14.4444, "Flocculation":"Medium", "Attenuation":73.0, "Notes":"Smooth, rich, creamy character.  Emphasizes big malt flavor and clean finish.  Full but smooth malt character.", "BestFor":"Marzens, Oktoberfest", "MaxReuse":5, "TimesCultured":0, "AddToSecondary":false }
{  "Name":"German Weiss", "Type":"Wheat", "Form":"Liquid", "Amount":0.0100000, "AmountIsWeight":false, "Laboratory":"Brewtek", "ProductID":"CL-0930", "MinTemperature":12.7778, "MaxTemperature":20.0000, "Flocculation":"Medium", "Attenuation":73.0, "Notes":"Milder than German Wheat #1, this strain still produces the desired clove and phenol character, but to a lesser degree.  Full, earthy character.", "BestFor":"Weiss, Weizen, other Southern German Wheat styles", "MaxReuse":5, "TimesCultured":0, "AddToSecondary":false }
{  "Name":"German Wheat", "Type":"Wheat", "Form":"Liquid", "Amount":0.0100000, "AmountIsWeight":false, "Laboratory":"Brewtek", "ProductID":"CL-0920", "MinTemperature":12.7778, "MaxTemperature":20.0000, "Flocculation":"Medium", "Attenuation":75.0, "Notes":"Top fermenting Weizenbier yeast.  Intensely spicy, clovey and phenolic.  High attenuation.", "BestFor":"Weizen, Weizenbocks", "MaxReuse":5, "TimesCultured":0, "AddToSecondary":false }
{  "Name":"Irish Dry Stout", "Type":"Ale", "Form":"Liquid", "Amount":0.0100000, "AmountIsWeight":false, "Laboratory":"Brewtek", "ProductID":"CL-0240", "MinTemperature":16.6667, "MaxTemperature":22.2222, "Flocculation":"Medium", "Attenuation":75.0, "Notes":"Top fermenting yeast which leaves a recognizable slightly woody character to Dry Stouts.  Vinous almost lactic character that blends well with roast malts.  High attenuation.", "BestFor":"Dry Stouts", "MaxReuse":5, "TimesCultured":0, "AddToSecondary":false }
{  "Name":"Kolsch", "Type":"Ale", "Form":"Liquid", "Amount":0.0100000, "AmountIsWeight":false, "Laboratory":"Brewtek", "ProductID":"CL-0450", "MinTemperature":16.6667, "MaxTemperature":22.2222, "Flocculation":"Medium", "Attenuation":75.0, "Notes":"Produces mild sulfer flavor which smooths with time to a clean attenuated flavor.  Mineral and malt characters come through well.  Clean, lightly yeasty flavor and aroma in the finish.", "BestFor":"German Kolsch", "MaxReuse":5, "TimesCultured":0, "AddToSecondary":false }
{  "Name":"North-Eastern Micro Ale", "Type":"Ale", "Form":"Liquid", "Amount":0.0100000, "AmountIsWeight":false, "Laboratory":"Brewtek", "ProductID":"CL-0060", "MinTemperature":13.3333, "MaxTemperature":22.2222, "Flocculation":"Medium", "Attenuation":75.0, "Notes":"Malty, bready, yet clean malt character.  Leaves hops flavor and aroma intact.  Versitile yeast for many American styles.", "BestFor":"American Ales, Reds, Ambers", "MaxReuse":5, "TimesCultured":0, "AddToSecondary":false }
{  "Name":"Northern German Lager", "Type":"Lager", "Form":"Liquid", "Amount":0.0100000, "AmountIsWeight":false, "Laboratory":"Brewtek", "ProductID":"CL-0660", "MinTemperature":8.8889, "MaxTemperature":14.4444, "Flocculation":"Medium", "Attenuation":73.0, "Notes":"Clean, crisp, traditional lager character.  Strong fermenting and forgiving yeast.  Excellent general purpose lager yeast.", "BestFor":"German pilsners, Mexican and Canadian Lagers", "MaxReuse":5, "TimesCultured":0, "AddToSecondary":false }
{  "Name":"Old Bavarian Lager", "Type":"Lager", "Form":"Liquid", "Amount":0.0100000, "AmountIsWeight":false, "Laboratory":"Brewtek", "ProductID":"CL-0650", "MinTemperature":8.8889, "MaxTemperature":14.4444, "Flocculation":"Medium", "Attenuation":73.0, "Notes":"Well rounded, malty with a subtle ester complex and citrus flavors.  Distinct, flavorful yeast is great for Southern German lager styles.", "BestFor":"German lagers, Bock, Dunkel, Helles", "MaxReuse":5, "TimesCultured":0, "AddToSecondary":false }
{  "Name":"Old German Ale", "Type":"Ale", "Form":"Liquid", "Amount":0.0100000, "AmountIsWeight":false, "Laboratory":"Brewtek", "ProductID":"CL-0400", "MinTemperature":16.6667, "MaxTemperature":22.2222, "Flocculation":"Medium", "Attenuation":75.0, "Notes":"Traditional Alt Bier flavor.  Strong fermenter with a smooth, attenuated, mild flavor.  Slightly dry, clean, quenching finish.", "BestFor":"Altbier, German ales, some Wheat beers.", "MaxReuse":5, "TimesCultured":0, "AddToSecondary":false }
{  "Name":"Original Pilsner", "Type":"Lager", "Form":"Liquid", "Amount":0.0100000, "AmountIsWeight":false, "Laboratory":"Brewtek", "ProductID":"CL-0600", "MinTemperature":8.8889, "MaxTemperature":14.4444, "Flocculation":"Medium", "Attenuation":73.0, "Notes":"Full bodied lager yeast with sweet, underattenuated finish.  Subdued diacetyl character.  Big malty palatte.  Classic Pilsner finish and style.", "BestFor":"Classic Czech Pilsners", "MaxReuse":5, "TimesCultured":0, "AddToSecondary":false }
{  "Name":"Pediococcus Damnosus", "Type":"Ale", "Form":"Liquid", "Amount":0.0100000, "AmountIsWeight":false, "Laboratory":"Brewtek", "ProductID":"CL-5600", "MinTemperature":8.8889, "MaxTemperature":20.0000, "Flocculation":"Medium", "Attenuation":73.0, "Notes":"Slow growing bacteria used in secondary to create lactic acid flavor in Belgian lambics.  Produces large amounts of lactic acid and diacytl.  Prefers anaerobic conditions.", "BestFor":"Belgian Lambic beers", "MaxReuse":5, "TimesCultured":0, "AddToSecondary":true }
{  "Name":"Saison", "Type":"Ale", "Form":"Liquid", "Amount":0.0100000, "AmountIsWeight":false, "Laboratory":"Brewtek", "ProductID":"CL-0380", "MinTemperature":16.6667, "MaxTemperature":22.2222, "Flocculation":"Medium", "Attenuation":75.0, "Notes":"Pleasant yeast blend.  Leaves a smooth full character to the malt with mild, but pleasant esters and some apple pie spices.", "BestFor":"French or Belgian Ales and Grand Cru styles.", "MaxReuse":5, "TimesCultured":0, "AddToSecondary":false }
{  "Name":"Scottish Ale", "Type":"Ale", "Form":"Liquid", "Amount":0.0100000, "AmountIsWeight":false, "Laboratory":"Brewtek", "ProductID":"CL-0200", "MinTemperature":15.5556, "MaxTemperature":22.2222, "Flocculation":"Medium", "Attenuation":75.0, "Notes":"A classic for 90/shilling or heavier.Leaves a fruity profile with woody,oaky esters that will remind you of malt whiskey", "BestFor":"Scottish Ales over 90 shilling", "MaxReuse":5, "TimesCultured":0, "AddToSecondary":false }
{  "Name":"Scottish Bitter", "Type":"Ale", "Form":"Liquid", "Amount":0.0100000, "AmountIsWeight":false, "Laboratory":"Brewtek", "ProductID":"CL-0210", "MinTemperature":15.5556, "MaxTemperature":22.2222, "Flocculation":"Medium", "Attenuation":75.0, "Notes":"Gives fruit and rose esters but finnishes dry and smooth.", "BestFor":"Scottish Ales", "MaxReuse":5, "TimesCultured":0, "AddToSecondary":false }
{  "Name":"Cooper Ale", "Type":"Ale", "Form":"Dry", "Amount":0.0250100, "AmountIsWeight":false, "Laboratory":"Coopers", "ProductID":"-", "MinTemperature":16.6667, "MaxTemperature":22.2222, "Flocculation":"Medium", "Attenuation":75.0, "Notes":"General purpose dry ale yeast with a very good reputation.  Produces significant fruity flavors.  No phenolics.  Clean, fruity finish.", "BestFor":"Most ales.", "MaxReuse":5, "TimesCultured":0, "AddToSecondary":false }
{  "Name":"SafAle American Ale", "Type":"Ale", "Form":"Dry", "Amount":0.0250000, "AmountIsWeight":false, "Laboratory":"DCL Yeast", "ProductID":"S-05", "MinTemperature":15.5556, "MaxTemperature":21.1111, "Flocculation":"Medium", "Attenuation":74.0, "Notes":"Fast starting, fast fermenting yeast.  Quick attenuation helps to produce a clean, crisp, clear ale.  Can be used in a wide range of ales. (Formerly US-56)", "BestFor":"Great general purpose ale yeast.", "MaxReuse":5, "TimesCultured":0, "AddToSecondary":false }
{  "Name":"SafAle English Ale", "Type":"Ale", "Form":"Dry", "Amount":0.0250100, "AmountIsWeight":false, "Laboratory":"DCL Yeast", "ProductID":"S-04", "MinTemperature":17.7778, "MaxTemperature":21.1111, "Flocculation":"Medium", "Attenuation":73.0, "Notes":"Fast starting, fast fermenting yeast.  Quick attenuation helps to produce a clean, crisp, clear ale.  Can be used in a wide range of ales.", "BestFor":"Great general purpose ale yeast.", "MaxReuse":5, "TimesCultured":0, "AddToSecondary":false }
{  "Name":"SafAle German Ale", "Type":"Ale", "Form":"Dry", "Amount":0.0250100, "AmountIsWeight":false, "Laboratory":"DCL Yeast", "ProductID":"K-97", "MinTemperature":18.3333, "MaxTemperature":21.1111, "Flocculation":"Medium", "Attenuation":73.0, "Notes":"Low sedimentation yeast, sometimes used in open fermentation. Good for wheat beers, weizens and light ales.", "BestFor":"High attenuation ales, wheat beers and weizens.", "MaxReuse":5, "TimesCultured":0, "AddToSecondary":false }
{  "Name":"SafBrew Ale", "Type":"Ale", "Form":"Dry", "Amount":0.0250100, "AmountIsWeight":false, "Laboratory":"DCL Yeast", "ProductID":"S-33", "MinTemperature":18.3333, "MaxTemperature":22.2222, "Flocculation":"Medium", "Attenuation":73.0, "Notes":"General purpose ale yeast, widely used.  Very consistent, clean finish. High attenuation and good flavor profile.", "BestFor":"Most ales.", "MaxReuse":5, "TimesCultured":0, "AddToSecondary":false }
{  "Name":"SafBrew Specialty Ale", "Type":"Ale", "Form":"Dry", "Amount":0.0250100, "AmountIsWeight":false, "Laboratory":"DCL Yeast", "ProductID":"T-58", "MinTemperature":15.5556, "MaxTemperature":22.2222, "Flocculation":"Medium", "Attenuation":73.0, "Notes":"Estery, somewhat spicy ale yeast. Solid yeast formation at end of fermentation.  Widely used for bottle and cask conditioning.", "BestFor":"Complex ales.", "MaxReuse":5, "TimesCultured":0, "AddToSecondary":false }
{  "Name":"SafLager German Lager", "Type":"Lager", "Form":"Dry", "Amount":0.0250100, "AmountIsWeight":false, "Laboratory":"DCL Yeast", "ProductID":"S-189", "MinTemperature":8.8889, "MaxTemperature":13.3333, "Flocculation":"High", "Attenuation":72.5, "Notes":"Popular lager yeast strain.  Produces wide range of continental lagers and pilsners.  Clean finish.", "BestFor":"Wide range of lagers and pilsners.", "MaxReuse":5, "TimesCultured":0, "AddToSecondary":false }
{  "Name":"SafLager Weinhenstephan Lager", "Type":"Lager", "Form":"Dry", "Amount":0.0250000, "AmountIsWeight":false, "Laboratory":"DCL Yeast", "ProductID":"S-34/70", "MinTemperature":7.7778, "MaxTemperature":10.0000, "Flocculation":"High", "Attenuation":73.5, "Notes":"German lager yeast strain.  Performs well at low temperature. High flocculation and attenuation for a clean German finish.", "BestFor":"German style Lagers and Pilsners.", "MaxReuse":5, "TimesCultured":0, "AddToSecondary":false }
{  "Name":"SafLager West European Lager", "Type":"Lager", "Form":"Dry", "Amount":0.0250100, "AmountIsWeight":false, "Laboratory":"DCL Yeast", "ProductID":"S-23", "MinTemperature":7.7778, "MaxTemperature":10.0000, "Flocculation":"High", "Attenuation":73.5, "Notes":"German lager yeast strain.  Performs well at low temperature. High flocculation and attenuation for a clean German finish.", "BestFor":"German style Lagers and Pilsners.", "MaxReuse":5, "TimesCultured":0, "AddToSecondary":false }
{  "Name":"London", "Type":"Ale", "Form":"Dry", "Amount":0.0250100, "AmountIsWeight":false, "Laboratory":"Danstar", "ProductID":"-", "MinTemperature":17.7778, "MaxTemperature":21.1111, "Flocculation":"Medium", "Attenuation":72.0, "Notes":"Produces a clean, well balanced ale.  Medium attenuation preserves some beer complexity.", "BestFor":"Well balanced British style ales.", "MaxReuse":5, "TimesCultured":0, "AddToSecondary":false }
{  "Name":"Manchester", "Type":"Ale", "Form":"Dry", "Amount":0.0250100, "AmountIsWeight":false, "Laboratory":"Danstar", "ProductID":"-", "MinTemperature":17.7778, "MaxTemperature":21.1111, "Flocculation":"Medium", "Attenuation":72.0, "Notes":"Old english style ale yeast that produces a complex, woody, full bodied ale at warm temperature.  Medium attenuation.  Good dry yeast for many english styles.", "BestFor":"Complex, full bodied Porters, Stouts, Ales.", "MaxReuse":5, "TimesCultured":0, "AddToSecondary":false }
{  "Name":"Nottingham", "Type":"Ale", "Form":"Dry", "Amount":0.0250100, "AmountIsWeight":false, "Laboratory":"Danstar", "ProductID":"-", "MinTemperature":13.8889, "MaxTemperature":21.1111, "Flocculation":"High", "Attenuation":75.0, "Notes":"Dry strain is highly flocculant and has high attenuation.  Produces relatively few fruity esters for a dry yeast. Can be fermented at low temperature to produce lager-style beers.", "BestFor":"Good neutral ale yeast.", "MaxReuse":5, "TimesCultured":0, "AddToSecondary":false }
{  "Name":"Doric Ale", "Type":"Ale", "Form":"Dry", "Amount":0.0500000, "AmountIsWeight":false, "Laboratory":"Doric", "ProductID":"-", "MinTemperature":16.6667, "MaxTemperature":22.2222, "Flocculation":"Medium", "Attenuation":75.0, "Notes":"Good reputation.  Reliable clean finish for a dry yeast.", "BestFor":"Ales", "MaxReuse":5, "TimesCultured":0, "AddToSecondary":false }
{  "Name":"Edme Ale Yeast", "Type":"Ale", "Form":"Dry", "Amount":0.0250100, "AmountIsWeight":false, "Laboratory":"Edme", "ProductID":"-", "MinTemperature":16.6667, "MaxTemperature":22.2222, "Flocculation":"Medium", "Attenuation":75.0, "Notes":"Quick starting dry yeast with a good reputation. Produces some fruity ester. Highly attentive, so it will likely produce a slightly dry taste.", "BestFor":"Ales requiring high attenuation.", "MaxReuse":5, "TimesCultured":0, "AddToSecondary":false }
{  "Name":"Special Ale", "Type":"Ale", "Form":"Dry", "Amount":0.0250100, "AmountIsWeight":false, "Laboratory":"Glenbrew", "ProductID":"-", "MinTemperature":16.6667, "MaxTemperature":22.2222, "Flocculation":"Medium", "Attenuation":75.0, "Notes":"Highly attentive, clean finish dry yeast.", "BestFor":"All-malt beers.", "MaxReuse":5, "TimesCultured":0, "AddToSecondary":false }
{  "Name":"Nottingham Yeast", "Type":"Ale", "Form":"Dry", "Amount":0.0250000, "AmountIsWeight":false, "Laboratory":"Lallemand", "ProductID":"-", "MinTemperature":16.6667, "MaxTemperature":22.2222, "Flocculation":"Very High", "Attenuation":75.0, "Notes":"High flocculation - settles quickly.  Very good reputation as a fast starter and quick fermenter.  Clean and only slightly fruity. Some report a pronounced tartness. Some nutty flavor in bottled version.  Relatively high attenuation.", "BestFor":"Ales, Stouts", "MaxReuse":5, "TimesCultured":0, "AddToSecondary":false }
{  "Name":"Windsor Yeast", "Type":"Ale", "Form":"Dry", "Amount":0.0250000, "AmountIsWeight":false, "Laboratory":"Lallemand", "ProductID":"-", "MinTemperature":16.6667, "MaxTemperature":22.2222, "Flocculation":"Very High", "Attenuation":75.0, "Notes":"Clean, well balanced finish.  Yeast produces an estery ale with a slighly fresh yeast flavor.  Not as quick as the Nottingham.  Some bannana aroma.", "BestFor":"Ales", "MaxReuse":5, "TimesCultured":0, "AddToSecondary":false }
{  "Name":"Lalvin - K1V-1116", "Type":"Wine", "Form":"Dry", "Amount":0.0250000, "AmountIsWeight":false, "Laboratory":"Lallemand - Lalvin", "ProductID":"K1V-1116", "MinTemperature":15.0000, "MaxTemperature":30.0000, "Flocculation":"Medium", "Attenuation":75.0, "Notes":"Used for white grape varieties.  Rapid starter with constant and complete fermentation. Capable of surviving difficult conditions such as low nutrient or high SO2 levels.  Has low volatile action.", "BestFor":"Souvingnon Blanc, Chenin Blanc and Seyval.  ", "MaxReuse":5, "TimesCultured":0, "AddToSecondary":false }
{  "Name":"Lalvin 71B-1122", "Type":"Wine", "Form":"Dry", "Amount":0.0250000, "AmountIsWeight":false, "Laboratory":"Lallemand - Lalvin", "ProductID":"71B-1122", "MinTemperature":15.0000, "MaxTemperature":30.0000, "Flocculation":"High", "Attenuation":75.0, "Notes":"Rapid starter with constant and complete fermentation. Ability to metabolize high amounts (20-40%) of malic acid. Partial metabolism of malic acid helps soften the wine.  May produce significant esters, making it a good choice for concentrates. ", "BestFor":"Young wines such as nouveau, blush and sugar white.", "MaxReuse":5, "TimesCultured":0, "AddToSecondary":false }
{  "Name":"Lalvin D-47", "Type":"Wine", "Form":"Dry", "Amount":0.0250000, "AmountIsWeight":false, "Laboratory":"Lallemand - Lalvin", "ProductID":"D-47", "MinTemperature":10.0000, "MaxTemperature":30.0000, "Flocculation":"High", "Attenuation":75.0, "Notes":"Recommended for white variety wines such as Chardonnay and Rose as well as Mead.  Low foaming, quick fermenting, forming a compact lees at the end of fermentation.  Use yeast nutrients if making mead.  Saccharomyces Cerevisiae.", "BestFor":"White wines such as Chardonnay and Rose.  Also good for mead.", "MaxReuse":5, "TimesCultured":0, "AddToSecondary":false }
{  "Name":"Lalvin EC-1118", "Type":"Wine", "Form":"Dry", "Amount":0.0250000, "AmountIsWeight":false, "Laboratory":"Lallemand - Lalvin", "ProductID":"EC-1118", "MinTemperature":7.2222, "MaxTemperature":35.0000, "Flocculation":"High", "Attenuation":75.0, "Notes":"Low production of foam, volatile acid and H2S.  Ferments over a wide temperature range. High alcohol tolerance, compact lees and good flocculation.  Relatively neutral flavor and aroma.", "BestFor":"All types of wine and also cider.", "MaxReuse":5, "TimesCultured":0, "AddToSecondary":false }
{  "Name":"Lalvin RC 212 (Bourgovin)", "Type":"Wine", "Form":"Dry", "Amount":0.0250000, "AmountIsWeight":false, "Laboratory":"Lallemand - Lalvin", "ProductID":"RC 212", "MinTemperature":15.0000, "MaxTemperature":30.0000, "Flocculation":"Medium", "Attenuation":75.0, "Notes":"RC212 recommended for red variety wines and high gravity beers.  Alcohol tolerance in the 12-14% range.  Low foaming and moderate speed fermenting.  Saccharomyces Cerevisiae.", "BestFor":"Red wines.", "MaxReuse":5, "TimesCultured":0, "AddToSecondary":false }
{  "Name":"Munton Fison Ale", "Type":"Ale", "Form":"Dry", "Amount":0.0250100, "AmountIsWeight":false, "Laboratory":"Munton-Fison", "ProductID":"-", "MinTemperature":16.6667, "MaxTemperature":22.2222, "Flocculation":"Medium", "Attenuation":75.0, "Notes":"Quick starting dry yeast.  Produces some fuity esters.  High attenuation produces clean finish.", "BestFor":"High attenuation yeast good for most ales.", "MaxReuse":5, "TimesCultured":0, "AddToSecondary":false }
{  "Name":"Pasteur Champagne", "Type":"Champagne", "Form":"Dry", "Amount":0.0250100, "AmountIsWeight":false, "Laboratory":"Red Star", "ProductID":"-", "MinTemperature":18.3333, "MaxTemperature":22.7778, "Flocculation":"Medium", "Attenuation":75.0, "Notes":"High attenuation dry yeast. Good reputation.  Good for Meads and other high gravity ales.", "BestFor":"Meads, Barleywines, Imperial Stouts and high gravity ales.", "MaxReuse":5, "TimesCultured":0, "AddToSecondary":false }
{  "Name":"Red Star Ale", "Type":"Ale", "Form":"Dry", "Amount":0.0250100, "AmountIsWeight":false, "Laboratory":"Red Star", "ProductID":"-", "MinTemperature":16.6667, "MaxTemperature":22.2222, "Flocculation":"Medium", "Attenuation":77.0, "Notes":"Good general purpose dry yeast. Change to a different strain in recent years has improved overall quality.", "BestFor":"High attenuation ales with a dry clean taste.", "MaxReuse":5, "TimesCultured":0, "AddToSecondary":false }
{  "Name":"10th Anniversary Blend", "Type":"Ale", "Form":"Liquid", "Amount":0.0500000, "AmountIsWeight":false, "Laboratory":"White Labs", "ProductID":"WLP010", "MinTemperature":18.2778, "MaxTemperature":21.0000, "Flocculation":"Medium", "Attenuation":75.0, "Notes":"White Labs started in 1995 with 5 strains available for homebrewers- WLP001, WLP002, WLP004, WLP300 &amp; WLP810. We wanted a blend with all of these strains, but WLP300 doesn&apos;t fit so we crafted a unique blend that truly test brewers imaginations.", "BestFor":"N/A", "MaxReuse":5, "TimesCultured":0, "AddToSecondary":false }
{  "Name":"Abbey Ale", "Type":"Ale", "Form":"Liquid", "Amount":0.0350130, "AmountIsWeight":false, "Laboratory":"White Labs", "ProductID":"WLP530", "MinTemperature":18.8889, "MaxTemperature":22.2222, "Flocculation":"Medium", "Attenuation":75.5, "Notes":"Used in two of six remaining Trappist breweries.  Distinctive plum and fruitiness.  Good for high gravity beers.", "BestFor":"Belgian Trappist Ale, Spiced Ale, Trippel, Dubbel, Grand Cru", "MaxReuse":5, "TimesCultured":0, "AddToSecondary":false }
{  "Name":"American Hefeweizen Ale", "Type":"Wheat", "Form":"Liquid", "Amount":0.0350130, "AmountIsWeight":false, "Laboratory":"White Labs", "ProductID":"WLP320", "MinTemperature":18.3333, "MaxTemperature":20.5556, "Flocculation":"Low", "Attenuation":72.5, "Notes":"Produces a much smaller amount of clove and banana flavor than the German Hefeweizen White Labs yeast.  Some sulfur, and creates desired cloudy look.", "BestFor":"Oregon style American Hefeweizen", "MaxReuse":5, "TimesCultured":0, "AddToSecondary":false }
{  "Name":"American Lager", "Type":"Lager", "Form":"Liquid", "Amount":0.0350130, "AmountIsWeight":false, "Laboratory":"White Labs", "ProductID":"WLP840", "MinTemperature":10.0000, "MaxTemperature":12.7778, "Flocculation":"Medium", "Attenuation":77.5, "Notes":"Dry and clean with very slight apple fruitiness.  Minimal sulfer and diacetyl.", "BestFor":"All American Style Lagers -- both light and dark.", "MaxReuse":5, "TimesCultured":0, "AddToSecondary":false }
{  "Name":"Bastogne Belgian Ale", "Type":"Ale", "Form":"Liquid", "Amount":0.0350000, "AmountIsWeight":false, "Laboratory":"White Labs", "ProductID":"WLP510", "MinTemperature":18.8889, "MaxTemperature":22.2222, "Flocculation":"Medium", "Attenuation":77.0, "Notes":"High gravity Trappist ale yeast.  Creates a dry beer with a slightly acidic finish.  Cleaner finish and slightly less spicy than WLP500 or WLP530.  ", "BestFor":"High gravity beers, Belgian ales, Dubbels, Trippels.", "MaxReuse":5, "TimesCultured":0, "AddToSecondary":false }
{  "Name":"Bedford British Ale", "Type":"Ale", "Form":"Liquid", "Amount":0.0350000, "AmountIsWeight":false, "Laboratory":"White Labs", "ProductID":"WLP006", "MinTemperature":18.3333, "MaxTemperature":21.1111, "Flocculation":"High", "Attenuation":76.0, "Notes":"High attenuation. Ferments dry with high flocculation. Distinctive ester profile.  Good for most English ale styles.", "BestFor":"English style ales - bitter, pale, porter and brown ale", "MaxReuse":5, "TimesCultured":0, "AddToSecondary":false }
{  "Name":"Belgian Ale", "Type":"Ale", "Form":"Liquid", "Amount":0.0350130, "AmountIsWeight":false, "Laboratory":"White Labs", "ProductID":"WLP550", "MinTemperature":20.0000, "MaxTemperature":25.5556, "Flocculation":"Medium", "Attenuation":75.0, "Notes":"Phenolic and spicy flavors.  Complex profile, with less fruitiness than White&apos;s Trappist Ale strain.", "BestFor":"Belgian Ales, Saisons, Belgian Reds, Belgian Browns, White beers", "MaxReuse":5, "TimesCultured":0, "AddToSecondary":false }
{  "Name":"Belgian Golden Ale", "Type":"Ale", "Form":"Liquid", "Amount":0.0350130, "AmountIsWeight":false, "Laboratory":"White Labs", "ProductID":"WLP570", "MinTemperature":20.0000, "MaxTemperature":23.8889, "Flocculation":"Low", "Attenuation":77.5, "Notes":"Combination of fruitiness and phenolic characters dominate the profile.  Some sulfur which will dissapate following fermentation.", "BestFor":"Belgian Ales, Dubbel, Grand Cru, Belgian Holiday Ale", "MaxReuse":5, "TimesCultured":0, "AddToSecondary":false }
{  "Name":"Belgian Saison I Ale", "Type":"Ale", "Form":"Liquid", "Amount":0.0350130, "AmountIsWeight":false, "Laboratory":"White Labs", "ProductID":"WLP565", "MinTemperature":20.0000, "MaxTemperature":23.8889, "Flocculation":"Medium", "Attenuation":70.0, "Notes":"Saison yeast from Wallonia.  Earthy, spicy and peppery notes.  Slightly sweet.", "BestFor":"Saison Ale, Belgian Ale, Dubbel, Trippel", "MaxReuse":5, "TimesCultured":0, "AddToSecondary":false }
{  "Name":"Belgian Style Ale Yeast Blend", "Type":"Ale", "Form":"Liquid", "Amount":0.0350000, "AmountIsWeight":false, "Laboratory":"White Labs", "ProductID":"WLP575", "MinTemperature":20.0000, "MaxTemperature":23.8889, "Flocculation":"Medium", "Attenuation":76.5, "Notes":"A blend of Trappist type yeast (2) and one Belgian ale type yeast. This creates a versatile blend that can be used for Trappist type beer, or a myriad of beers that can be described as &apos;Belgian type&apos;.", "BestFor":"Belgian Ales", "MaxReuse":5, "TimesCultured":0, "AddToSecondary":false }
{  "Name":"Belgian Wit Ale", "Type":"Wheat", "Form":"Liquid", "Amount":0.0350130, "AmountIsWeight":false, "Laboratory":"White Labs", "ProductID":"WLP400", "MinTemperature":19.4444, "MaxTemperature":23.3333, "Flocculation":"Low", "Attenuation":76.0, "Notes":"Phenolic and tart.  The original yeast used to produce Wit in Belgium.", "BestFor":"Belgian Wit", "MaxReuse":5, "TimesCultured":0, "AddToSecondary":false }
{  "Name":"Belgian Wit II", "Type":"Ale", "Form":"Liquid", "Amount":0.0350000, "AmountIsWeight":false, "Laboratory":"White Labs", "ProductID":"WLP410", "MinTemperature":19.4444, "MaxTemperature":23.3333, "Flocculation":"Medium", "Attenuation":72.5, "Notes":"Less phenolic than WLP400 (Belgian Wit Ale) but more spicy.  Leaves a little more sweetness and flocculation is higher than WLP400.", "BestFor":"Belgian Wit, Spiced Ale, Wheat Ales and Specialty Beers", "MaxReuse":5, "TimesCultured":0, "AddToSecondary":false }
{  "Name":"British Ale", "Type":"Ale", "Form":"Liquid", "Amount":0.0350130, "AmountIsWeight":false, "Laboratory":"White Labs", "ProductID":"WLP005", "MinTemperature":19.4444, "MaxTemperature":23.3333, "Flocculation":"High", "Attenuation":70.5, "Notes":"This yeast has higher attenuation than the White Labs English Ale yeast strains.  Produces a malty flavored beer.", "BestFor":"Excellent for all English style ales including bitters, pale ale, porters and brown ale.", "MaxReuse":5, "TimesCultured":0, "AddToSecondary":false }
{  "Name":"Burton Ale", "Type":"Ale", "Form":"Liquid", "Amount":0.0350130, "AmountIsWeight":false, "Laboratory":"White Labs", "ProductID":"WLP023", "MinTemperature":20.0000, "MaxTemperature":22.7778, "Flocculation":"Medium", "Attenuation":72.0, "Notes":"Burton-on-trent yeast produces a complex character.  Flavors include apple, pear, and clover honey.", "BestFor":"All English styles including Pale Ale, IPA, Porter, Stout and Bitters.", "MaxReuse":5, "TimesCultured":0, "AddToSecondary":false }
{  "Name":"California Ale", "Type":"Ale", "Form":"Liquid", "Amount":0.0350130, "AmountIsWeight":false, "Laboratory":"White Labs", "ProductID":"WLP001", "MinTemperature":20.0000, "MaxTemperature":22.7778, "Flocculation":"High", "Attenuation":76.5, "Notes":"Very clean flavor, balance and stability.  Accentuates hop flavor Versitile - can be used to make any style ale.", "BestFor":"American Style Ales, Ambers, Pale Ales, Brown Ale, Strong Ale", "MaxReuse":5, "TimesCultured":0, "AddToSecondary":false }
{  "Name":"California Ale V", "Type":"Ale", "Form":"Liquid", "Amount":0.0350130, "AmountIsWeight":false, "Laboratory":"White Labs", "ProductID":"WLP051", "MinTemperature":18.8889, "MaxTemperature":21.1111, "Flocculation":"High", "Attenuation":72.5, "Notes":"Similar to White Labs California Ale Yeast, but slightly lower attenuation leaves a fuller bodied beer.", "BestFor":"American style Pales, Ambers, Browns, IPAs, American Strong Ale", "MaxReuse":5, "TimesCultured":0, "AddToSecondary":false }
{  "Name":"Champagne Yeast", "Type":"Champagne", "Form":"Liquid", "Amount":0.0350130, "AmountIsWeight":false, "Laboratory":"White Labs", "ProductID":"WLP715", "MinTemperature":21.1111, "MaxTemperature":23.8889, "Flocculation":"Low", "Attenuation":75.0, "Notes":"Can tolerate alcohol up to 17%.  For Barley Wine or Meads.", "BestFor":"Wine, Mead and Cider", "MaxReuse":5, "TimesCultured":0, "AddToSecondary":false }
{  "Name":"Czech Budejovice Lager", "Type":"Lager", "Form":"Liquid", "Amount":0.0350130, "AmountIsWeight":false, "Laboratory":"White Labs", "ProductID":"WLP802", "MinTemperature":10.0000, "MaxTemperature":12.7778, "Flocculation":"Medium", "Attenuation":77.5, "Notes":"Dry and crisp with low diacetyl production.  From Southern Czech Republic.", "BestFor":"Bohemian Style Pilsner", "MaxReuse":5, "TimesCultured":0, "AddToSecondary":false }
{  "Name":"Dry English Ale", "Type":"Ale", "Form":"Liquid", "Amount":0.0350130, "AmountIsWeight":false, "Laboratory":"White Labs", "ProductID":"WLP007", "MinTemperature":18.3333, "MaxTemperature":21.1111, "Flocculation":"High", "Attenuation":75.0, "Notes":"Clean, Highly flocculant, and highly attentive yeast.  Similar to White labs English Ale yeast, but more attentive.  Suitable for high gravity ales.", "BestFor":"Pale Ales, Amber, ESB, Brown Ales, Strong Ales", "MaxReuse":5, "TimesCultured":0, "AddToSecondary":false }
{  "Name":"East Coast Ale", "Type":"Ale", "Form":"Liquid", "Amount":0.0350130, "AmountIsWeight":false, "Laboratory":"White Labs", "ProductID":"WLP008", "MinTemperature":20.0000, "MaxTemperature":22.7778, "Flocculation":"Low", "Attenuation":72.5, "Notes":"White labs &quot;Brewer Patriot&quot; strain can be used to reproduce many of the American versions of classic beer styles.  Very clean with low esters. ", "BestFor":"American Ales, Golden ales, Blonde Ale, Pale Ale and German Alt styles", "MaxReuse":5, "TimesCultured":0, "AddToSecondary":false }
{  "Name":"Edinburgh Ale", "Type":"Ale", "Form":"Liquid", "Amount":0.0350130, "AmountIsWeight":false, "Laboratory":"White Labs", "ProductID":"WLP028", "MinTemperature":18.3333, "MaxTemperature":21.1111, "Flocculation":"Medium", "Attenuation":72.5, "Notes":"Malty strong ale yeast.  Reproduces complex, malty, flavorful schottish ales.  Hop character comes through well.", "BestFor":"Strong Scottish style ales, ESB, Irish Reds", "MaxReuse":5, "TimesCultured":0, "AddToSecondary":false }
{  "Name":"English Ale", "Type":"Ale", "Form":"Liquid", "Amount":0.0350130, "AmountIsWeight":false, "Laboratory":"White Labs", "ProductID":"WLP002", "MinTemperature":18.3333, "MaxTemperature":20.0000, "Flocculation":"Very High", "Attenuation":66.5, "Notes":"Classic ESB strain best for English style milds, bitters, porters and English style stouts.  Leaves a clear beer with some residual sweetness.", "BestFor":"English Pale Ale, ESB, India Pale Ale, Brown Ale, Porter, Sweet Stouts and Strong Ales", "MaxReuse":5, "TimesCultured":0, "AddToSecondary":false }
{  "Name":"English Cider Yeast", "Type":"Wine", "Form":"Liquid", "Amount":0.0350130, "AmountIsWeight":false, "Laboratory":"White Labs", "ProductID":"WLP775", "MinTemperature":20.0000, "MaxTemperature":23.8889, "Flocculation":"Medium", "Attenuation":80.0, "Notes":"Classic Cider yeast.  Ferments dry, but retains apple flavor.  Some sulfer produced during fermentation will fade with age.", "BestFor":"Cider, Wine and High Gravity Beer", "MaxReuse":5, "TimesCultured":0, "AddToSecondary":false }
{  "Name":"Essex Ale Yeast", "Type":"Ale", "Form":"Liquid", "Amount":0.0350000, "AmountIsWeight":false, "Laboratory":"White Labs", "ProductID":"WLP022", "MinTemperature":18.8889, "MaxTemperature":21.1111, "Flocculation":"Medium", "Attenuation":73.5, "Notes":"Flavorful British yeast with a drier finish than many ale yeasts.  Bready and fruity in character.  Well suited for top cropping (collecting).  Does not flocculate as much as WLP005 or WLP002.", "BestFor":"British milds, pale ales, bitters, stouts.", "MaxReuse":5, "TimesCultured":0, "AddToSecondary":false }
{  "Name":"European Ale", "Type":"Ale", "Form":"Liquid", "Amount":0.0350130, "AmountIsWeight":false, "Laboratory":"White Labs", "ProductID":"WLP011", "MinTemperature":18.3333, "MaxTemperature":21.1111, "Flocculation":"Medium", "Attenuation":67.5, "Notes":"Malty, Northern European ale yeast.  Low ester production, low sulfer, gives a clean profile.  Low attenuation contributes to malty taste.", "BestFor":"Alt, Kolsch, malty English Ales, Fruit beers", "MaxReuse":5, "TimesCultured":0, "AddToSecondary":false }
{  "Name":"German Ale II", "Type":"Ale", "Form":"Liquid", "Amount":0.0350130, "AmountIsWeight":false, "Laboratory":"White Labs", "ProductID":"WLP003", "MinTemperature":18.3333, "MaxTemperature":21.1111, "Flocculation":"Medium", "Attenuation":76.5, "Notes":"Strong sulfer component will reduce with aging.  Clean flavor, but with more ester production than regular German Ale Yeast.", "BestFor":"Kolsch, Alt and German Pale Ales", "MaxReuse":5, "TimesCultured":0, "AddToSecondary":false }
{  "Name":"German Ale/Kolsch", "Type":"Ale", "Form":"Liquid", "Amount":0.0350130, "AmountIsWeight":false, "Laboratory":"White Labs", "ProductID":"WLP029", "MinTemperature":18.3333, "MaxTemperature":20.5556, "Flocculation":"Medium", "Attenuation":75.0, "Notes":"Great for light beers.  Accentuates hop flavors.  Slight sulfer flavor will fade with age and leave a clean, lager like ale.", "BestFor":"Kolsch, Altbiers, Pale Ales, Blonde and Honey Ales", "MaxReuse":5, "TimesCultured":0, "AddToSecondary":false }
{  "Name":"German Bock Lager", "Type":"Lager", "Form":"Liquid", "Amount":0.0350130, "AmountIsWeight":false, "Laboratory":"White Labs", "ProductID":"WLP833", "MinTemperature":8.8889, "MaxTemperature":12.7778, "Flocculation":"Medium", "Attenuation":73.0, "Notes":"Produces beer that has balanced malt and hop character.  From Southern Bavaria.", "BestFor":"Bocks, Doppelbocks, Oktoberfest, Vienna, Helles, some American Pilsners", "MaxReuse":5, "TimesCultured":0, "AddToSecondary":false }
{  "Name":"German Lager", "Type":"Lager", "Form":"Liquid", "Amount":0.0350130, "AmountIsWeight":false, "Laboratory":"White Labs", "ProductID":"WLP830", "MinTemperature":10.0000, "MaxTemperature":12.7778, "Flocculation":"Medium", "Attenuation":76.5, "Notes":"Very malty and clean.  One of the world&apos;s most popular lager yeasts.", "BestFor":"German Marzen, Pilsner, Lagers, Oktoberfest beers.", "MaxReuse":5, "TimesCultured":0, "AddToSecondary":false }
{  "Name":"Hefeweizen Ale", "Type":"Wheat", "Form":"Liquid", "Amount":0.0350130, "AmountIsWeight":false, "Laboratory":"White Labs", "ProductID":"WLP300", "MinTemperature":20.0000, "MaxTemperature":22.2222, "Flocculation":"Low", "Attenuation":74.0, "Notes":"Produces the banana and clove nose traditionally associated with German Wheat beers.  Also produces desired cloudy look.", "BestFor":"German style wheat beers.  Weiss, Weizen, Hefeweizen", "MaxReuse":5, "TimesCultured":0, "AddToSecondary":false }
{  "Name":"Hefeweizen IV Ale", "Type":"Wheat", "Form":"Liquid", "Amount":0.0350130, "AmountIsWeight":false, "Laboratory":"White Labs", "ProductID":"WLP380", "MinTemperature":18.8889, "MaxTemperature":21.1111, "Flocculation":"Low", "Attenuation":76.0, "Notes":"Large clove and phenolic aroma, but with minimal banana flavor.  Citrus and apricot notes.  Crisp and drinkable, with some sulfur production.", "BestFor":"German style Hefeweizen", "MaxReuse":5, "TimesCultured":0, "AddToSecondary":false }
{  "Name":"Irish Ale", "Type":"Ale", "Form":"Liquid", "Amount":0.0000000, "AmountIsWeight":false, "Laboratory":"White Labs", "ProductID":"WLP004", "MinTemperature":18.3333, "MaxTemperature":20.0000, "Flocculation":"Medium", "Attenuation":71.5, "Notes":"Excellent for Irish Stouts.  Produces slight hint of diacetyl balanced by a light fruitiness and a slightly dry crispness.", "BestFor":"Irish Ales, Stouts, Porters, Browns, Reds and Pale Ale", "MaxReuse":5, "TimesCultured":0, "AddToSecondary":false }
{  "Name":"Klassic Ale Yeast", "Type":"Ale", "Form":"Liquid", "Amount":0.0350000, "AmountIsWeight":false, "Laboratory":"White Labs", "ProductID":"WLP033", "MinTemperature":18.8889, "MaxTemperature":21.1111, "Flocculation":"Medium", "Attenuation":70.0, "Notes":"Traditional English Ale style yeast.  Produces ester character, and allows hop flavor through.  Leaves a slightly sweet malt character in ales.", "BestFor":"Bitters, milds, porters stouts and scottish ale styles.", "MaxReuse":5, "TimesCultured":0, "AddToSecondary":false }
{  "Name":"London Ale", "Type":"Ale", "Form":"Liquid", "Amount":0.0350130, "AmountIsWeight":false, "Laboratory":"White Labs", "ProductID":"WLP013", "MinTemperature":18.8889, "MaxTemperature":21.6667, "Flocculation":"Medium", "Attenuation":71.0, "Notes":"Dry, malty ale yeast.  Produces a complex, oak flavored ester character.  Hop bitterness comes through well.", "BestFor":"Classic British Pale Ales, Bitters and Stouts", "MaxReuse":5, "TimesCultured":0, "AddToSecondary":false }
{  "Name":"Mexican Lager", "Type":"Lager", "Form":"Liquid", "Amount":0.0350000, "AmountIsWeight":false, "Laboratory":"White Labs", "ProductID":"WLP940", "MinTemperature":10.0000, "MaxTemperature":12.7778, "Flocculation":"Medium", "Attenuation":74.0, "Notes":"From Mexico City - produces a clean lager beer with a crisp finish.  Good for mexican style beers.", "BestFor":"Mexican style light and dark lagers.", "MaxReuse":5, "TimesCultured":0, "AddToSecondary":false }
{  "Name":"Octoberfest/Marzen Lager", "Type":"Lager", "Form":"Liquid", "Amount":0.0350130, "AmountIsWeight":false, "Laboratory":"White Labs", "ProductID":"WLP820", "MinTemperature":11.1111, "MaxTemperature":14.4444, "Flocculation":"Medium", "Attenuation":69.0, "Notes":"Produces a malty, bock style beer.  Does not finish as dry or as fast as White&apos;s German Lager yeast.  Longer lagering or starter recommended.", "BestFor":"Marzen, Oktoberfest, European Lagers, Bocks, Munich Helles", "MaxReuse":5, "TimesCultured":0, "AddToSecondary":false }
{  "Name":"Old Bavarian Lager", "Type":"Lager", "Form":"Liquid", "Amount":0.0350000, "AmountIsWeight":false, "Laboratory":"White Labs", "ProductID":"WLP920", "MinTemperature":10.0000, "MaxTemperature":12.7778, "Flocculation":"Medium", "Attenuation":69.5, "Notes":"Southern Germany/Bavarian lager yeast.  Finishes malty with a slight ester profile.", "BestFor":"Oktoberfest, Marzen, Bock and Dark Lagers.", "MaxReuse":5, "TimesCultured":0, "AddToSecondary":false }
{  "Name":"Pilsner Lager", "Type":"Lager", "Form":"Liquid", "Amount":0.0350130, "AmountIsWeight":false, "Laboratory":"White Labs", "ProductID":"WLP800", "MinTemperature":10.0000, "MaxTemperature":12.7778, "Flocculation":"High", "Attenuation":74.5, "Notes":"Classic pilsner strain from Czech Republic.  Dry with a malty finish.", "BestFor":"European Pilsners, Bohemian Pilsner", "MaxReuse":5, "TimesCultured":0, "AddToSecondary":false }
{  "Name":"Premium Bitter Ale", "Type":"Ale", "Form":"Liquid", "Amount":0.0350000, "AmountIsWeight":false, "Laboratory":"White Labs", "ProductID":"WLP026", "MinTemperature":19.4444, "MaxTemperature":21.1111, "Flocculation":"Medium", "Attenuation":72.5, "Notes":"From Staffordshire England.  Mild, but complex estery flavor.  High attenuation - ferments strong and dry.  Suitable for high gravity beers.", "BestFor":"All English ales including bitters, milds, ESB, Porter, Stout and Barley Wine", "MaxReuse":5, "TimesCultured":0, "AddToSecondary":false }
{  "Name":"San Francisco Lager", "Type":"Lager", "Form":"Liquid", "Amount":0.0350130, "AmountIsWeight":false, "Laboratory":"White Labs", "ProductID":"WLP810", "MinTemperature":14.4444, "MaxTemperature":18.3333, "Flocculation":"High", "Attenuation":67.5, "Notes":"Produces &quot;California Common&quot; style beer.", "BestFor":"California and Premium Lagers, all American Lagers", "MaxReuse":5, "TimesCultured":0, "AddToSecondary":false }
{  "Name":"Southern German Lager", "Type":"Lager", "Form":"Liquid", "Amount":0.0350130, "AmountIsWeight":false, "Laboratory":"White Labs", "ProductID":"WLP838", "MinTemperature":10.0000, "MaxTemperature":12.7778, "Flocculation":"High", "Attenuation":72.0, "Notes":"Malty finish and balanced aroma.  Strong fermenter, slight sulfur and low diacetyl.", "BestFor":"German Pilsner, Helles, Oktoberfest, Marzen, Bocks", "MaxReuse":5, "TimesCultured":0, "AddToSecondary":false }
{  "Name":"Southwold Ale", "Type":"Ale", "Form":"Liquid", "Amount":0.0350000, "AmountIsWeight":false, "Laboratory":"White Labs", "ProductID":"WLP025", "MinTemperature":18.8889, "MaxTemperature":20.5556, "Flocculation":"Medium", "Attenuation":71.0, "Notes":"From Suffolk county.  Products complex fruity and citrus flavors.  Slight sulfer production, but this will fade with ageing.", "BestFor":"British bitters and pale ales.", "MaxReuse":5, "TimesCultured":0, "AddToSecondary":false }
{  "Name":"Steinberg-Geisenheim Wine", "Type":"Wine", "Form":"Liquid", "Amount":0.0350000, "AmountIsWeight":false, "Laboratory":"White Labs", "ProductID":"WLP727", "MinTemperature":10.0000, "MaxTemperature":32.2222, "Flocculation":"Low", "Attenuation":80.0, "Notes":"German origin wine yeast.  High fruit/ester production.  Moderate fermentation characteristics and cold tolerant.", "BestFor":"Riesling wines.", "MaxReuse":5, "TimesCultured":0, "AddToSecondary":false }
{  "Name":"Super High Gravity Ale", "Type":"Ale", "Form":"Liquid", "Amount":0.0350000, "AmountIsWeight":false, "Laboratory":"White Labs", "ProductID":"WLP099", "MinTemperature":20.5556, "MaxTemperature":23.3333, "Flocculation":"Low", "Attenuation":80.0, "Notes":"Ferments up to 25% alcohol content.  Flavor may vary greatly depending on beer alcohol.  English like esters at low gravity, but will become more wine-like as alcohol exceeds 16% ABV.  Refer to White Labs web page for tips on fermenting high gravity ales.", "BestFor":"Very high gravity beers and barley wine up to 25% alcohol.", "MaxReuse":5, "TimesCultured":0, "AddToSecondary":false }
{  "Name":"Sweet Mead/Wine", "Type":"Wine", "Form":"Liquid", "Amount":0.0350000, "AmountIsWeight":false, "Laboratory":"White Labs", "ProductID":"WLP720", "MinTemperature":21.1111, "MaxTemperature":23.8889, "Flocculation":"Low", "Attenuation":75.0, "Notes":"Lower attenuation than White Labs Champagne Yeast.  Leaves some residual sweetness as well as fruity flavor.  Alcohol concentration up to 15%.", "BestFor":"Sweet Mead, Wine and Cider", "MaxReuse":5, "TimesCultured":0, "AddToSecondary":false }
{  "Name":"Sweet Mead/Wine", "Type":"Wine", "Form":"Liquid", "Amount":0.0350130, "AmountIsWeight":false, "Laboratory":"White Labs", "ProductID":"WLP727", "MinTemperature":21.1111, "MaxTemperature":23.8889, "Flocculation":"Low", "Attenuation":75.0, "Notes":"Lower attenuation than White Labs Champagne Yeast.  Leaves some residual sweetness as well as fruity flavor.  Alcohol concentration up to 15%.", "BestFor":"Sweet Mead, Wine and Cider", "MaxReuse":5, "TimesCultured":0, "AddToSecondary":false }
{  "Name":"Trappist Ale", "Type":"Ale", "Form":"Liquid", "Amount":0.0350130, "AmountIsWeight":false, "Laboratory":"White Labs", "ProductID":"WLP500", "MinTemperature":18.3333, "MaxTemperature":22.2222, "Flocculation":"Medium", "Attenuation":75.5, "Notes":"Distinctive fruitiness and plum characteristics.  Excellent for high gravity beers.", "BestFor":"Trappist Ale, Dubbel, Trippel, Belgian Ales", "MaxReuse":5, "TimesCultured":0, "AddToSecondary":false }
{  "Name":"Zurich Lager", "Type":"Lager", "Form":"Liquid", "Amount":0.0350000, "AmountIsWeight":false, "Laboratory":"White Labs", "ProductID":"WLP885", "MinTemperature":10.0000, "MaxTemperature":12.7778, "Flocculation":"Medium", "Attenuation":75.0, "Notes":"Swiss style lager yeast.  Sulfer and diacytl production is minimal.  May be used for high gravity lagers with proper care.", "BestFor":"Swiss style lager, and high gravity lagers (over 11% ABV)", "MaxReuse":5, "TimesCultured":0, "AddToSecondary":false }
{  "Name":"American Ale", "Type":"Ale", "Form":"Liquid", "Amount":0.1250480, "AmountIsWeight":false, "Laboratory":"Wyeast Labs", "ProductID":"1056", "MinTemperature":15.5556, "MaxTemperature":22.2222, "Flocculation":"Medium", "Attenuation":75.0, "Notes":"Soft, smooth, clean finish.  Very well balanced.  Very versitile -- works well with many ale styles.", "BestFor":"American Pale Ale, Scottish Ale, Porters, Sweet Stout, Barley Wine, Alt", "MaxReuse":5, "TimesCultured":0, "AddToSecondary":false }
{  "Name":"American Ale II", "Type":"Ale", "Form":"Liquid", "Amount":0.1250480, "AmountIsWeight":false, "Laboratory":"Wyeast Labs", "ProductID":"1272", "MinTemperature":15.5556, "MaxTemperature":22.2222, "Flocculation":"High", "Attenuation":74.0, "Notes":"Clean, tart, nutty flavor.  More fruity than Wyeast American Ale yeast.", "BestFor":"All American Ales, Brown Ales, Barley Wine", "MaxReuse":5, "TimesCultured":0, "AddToSecondary":false }
{  "Name":"American Lager", "Type":"Lager", "Form":"Liquid", "Amount":0.1250480, "AmountIsWeight":false, "Laboratory":"Wyeast Labs", "ProductID":"2035", "MinTemperature":8.8889, "MaxTemperature":14.4444, "Flocculation":"Medium", "Attenuation":75.0, "Notes":"Bold, with a complex aroma.  Good flavor depth characteristics for a wide variety of lager beers.", "BestFor":"American Lagers and Pilsners", "MaxReuse":5, "TimesCultured":0, "AddToSecondary":false }
{  "Name":"American Wheat Ale", "Type":"Ale", "Form":"Liquid", "Amount":0.1250480, "AmountIsWeight":false, "Laboratory":"Wyeast Labs", "ProductID":"1010", "MinTemperature":14.4444, "MaxTemperature":23.3333, "Flocculation":"Low", "Attenuation":76.0, "Notes":"Dry, Crisp, tart beer in the American Hefeweizen style.  Low flocculation aids in producing desired chill haze.", "BestFor":"American Wheat, Berlin Weiss, Hefeweizen", "MaxReuse":5, "TimesCultured":0, "AddToSecondary":false }
{  "Name":"Bavarian Lager", "Type":"Lager", "Form":"Liquid", "Amount":0.1250480, "AmountIsWeight":false, "Laboratory":"Wyeast Labs", "ProductID":"2206", "MinTemperature":7.7778, "MaxTemperature":14.4444, "Flocculation":"Medium", "Attenuation":75.0, "Notes":"Use by many German breweries.  Produces a full-bodied, rich, malty beer.", "BestFor":"German Bocks, Vienna, Oktoberfest, Hells, Marzens, Dunkel", "MaxReuse":5, "TimesCultured":0, "AddToSecondary":false }
{  "Name":"Bavarian Wheat", "Type":"Wheat", "Form":"Liquid", "Amount":0.1250480, "AmountIsWeight":false, "Laboratory":"Wyeast Labs", "ProductID":"3638", "MinTemperature":17.7778, "MaxTemperature":23.8889, "Flocculation":"Low", "Attenuation":73.0, "Notes":"Hefeweizen yeast with complex flavor and aroma.  Bubble gum, banana flavors with apple/plub ester profile.  Malty flavor.", "BestFor":"Bavarian Weizen, Hefeweizen", "MaxReuse":5, "TimesCultured":0, "AddToSecondary":false }
{  "Name":"Bavarian Wheat Yeast", "Type":"Wheat", "Form":"Liquid", "Amount":0.1250000, "AmountIsWeight":false, "Laboratory":"Wyeast Labs", "ProductID":"3056", "MinTemperature":17.7778, "MaxTemperature":23.3333, "Flocculation":"Medium", "Attenuation":75.0, "Notes":"Blend of top-fermenting ale and wheat yeasts providing a mild ester and phenolic profile.", "BestFor":"Bavarian style wheat beers.", "MaxReuse":5, "TimesCultured":0, "AddToSecondary":false }
{  "Name":"Belgian Abbey II", "Type":"Ale", "Form":"Liquid", "Amount":0.1250480, "AmountIsWeight":false, "Laboratory":"Wyeast Labs", "ProductID":"1762", "MinTemperature":18.3333, "MaxTemperature":23.8889, "Flocculation":"Medium", "Attenuation":75.0, "Notes":"Dry flavor with slight fruitiness. High alcohol tolerance.", "BestFor":"Belgian Ales, Trappist Ales, Abbey Ales, Grand Cru", "MaxReuse":5, "TimesCultured":0, "AddToSecondary":false }
{  "Name":"Belgian Ale", "Type":"Ale", "Form":"Liquid", "Amount":0.1250480, "AmountIsWeight":false, "Laboratory":"Wyeast Labs", "ProductID":"1214", "MinTemperature":14.4444, "MaxTemperature":20.0000, "Flocculation":"Medium", "Attenuation":74.0, "Notes":"Trappist style ale yeast.  Complex estery flavor.", "BestFor":"Belgian Ales, Abbey Ales, Trappist Ales", "MaxReuse":5, "TimesCultured":0, "AddToSecondary":false }
{  "Name":"Belgian Ardennes", "Type":"Wheat", "Form":"Liquid", "Amount":0.1250480, "AmountIsWeight":false, "Laboratory":"Wyeast Labs", "ProductID":"3522", "MinTemperature":18.3333, "MaxTemperature":29.4444, "Flocculation":"High", "Attenuation":74.0, "Notes":"Phenolics develop at increased temperature.  Mild fruitiness and complex spicy flavor.", "BestFor":"Belgian Ale", "MaxReuse":5, "TimesCultured":0, "AddToSecondary":false }
{  "Name":"Belgian Lambic Blend", "Type":"Ale", "Form":"Liquid", "Amount":0.1250480, "AmountIsWeight":false, "Laboratory":"Wyeast Labs", "ProductID":"3278", "MinTemperature":17.2222, "MaxTemperature":23.8889, "Flocculation":"Low", "Attenuation":70.0, "Notes":"Lambic culture of Saccharomyces Cerevisiar and a mixture of yeasts and bacterias.  Blend of organisms helps create lactic flavor of Belgian Lambics.", "BestFor":"Belgian Lambic", "MaxReuse":5, "TimesCultured":0, "AddToSecondary":false }
{  "Name":"Belgian Saison Yeast", "Type":"Ale", "Form":"Liquid", "Amount":0.1250000, "AmountIsWeight":false, "Laboratory":"Wyeast Labs", "ProductID":"3724", "MinTemperature":21.1111, "MaxTemperature":29.4444, "Flocculation":"Low", "Attenuation":78.0, "Notes":"Classic farmhouse ale yeast. Spicy and complex aromatics including bubble gum. Very tart and dry on palate with mild fruit. Finishes crisp and mildly acidic. Benefits from elevated fermentation temperatures. Usually slow to attenuate. Flocculation - low;", "BestFor":"Saison, Biere de Garde", "MaxReuse":5, "TimesCultured":0, "AddToSecondary":false }
{  "Name":"Belgian Schelde Ale Yeast", "Type":"Ale", "Form":"Liquid", "Amount":0.1250000, "AmountIsWeight":false, "Laboratory":"Wyeast Labs", "ProductID":"3655", "MinTemperature":18.3333, "MaxTemperature":22.2222, "Flocculation":"Medium", "Attenuation":75.0, "Notes":"From the East Flanders - Antwerpen region of Belgium, this unique and classic top fermenting yeast produces distinct complex fruity aroma and flavors that meld well with premium quality pale and crystal malts. Clean well rounded and smooth textures are ex", "BestFor":"East Flanders  Antwerpen region of Belgium", "MaxReuse":5, "TimesCultured":0, "AddToSecondary":false }
{  "Name":"Belgian Strong Ale", "Type":"Ale", "Form":"Liquid", "Amount":0.1250480, "AmountIsWeight":false, "Laboratory":"Wyeast Labs", "ProductID":"1388", "MinTemperature":18.3333, "MaxTemperature":23.8889, "Flocculation":"Low", "Attenuation":75.0, "Notes":"Dry, tart, fruity flavor.  High alcohol tolerance.", "BestFor":"Belgian Ales, Scottish Strong Ale,Trappist Ales, Dubbels, Trippels", "MaxReuse":5, "TimesCultured":0, "AddToSecondary":false }
{  "Name":"Belgian Wheat Yeast", "Type":"Wheat", "Form":"Liquid", "Amount":0.1250480, "AmountIsWeight":false, "Laboratory":"Wyeast Labs", "ProductID":"3942", "MinTemperature":17.7778, "MaxTemperature":23.3333, "Flocculation":"Medium", "Attenuation":75.0, "Notes":"Estery lor phenol yeast.  Plum and apple aroma with a dry finish.", "BestFor":"Belgian Wheat, Bavarian Weizen", "MaxReuse":5, "TimesCultured":0, "AddToSecondary":false }
{  "Name":"Belgian Witbier", "Type":"Wheat", "Form":"Liquid", "Amount":0.1250480, "AmountIsWeight":false, "Laboratory":"Wyeast Labs", "ProductID":"3944", "MinTemperature":16.6667, "MaxTemperature":23.8889, "Flocculation":"Medium", "Attenuation":74.0, "Notes":"Tart, slightly phenolic character.  For Wits and Grand Cru.  Tolerates high gravity beers well.", "BestFor":"Belgian Wit, Grand Cru", "MaxReuse":5, "TimesCultured":0, "AddToSecondary":false }
{  "Name":"Biere De Garde", "Type":"Ale", "Form":"Liquid", "Amount":0.1250000, "AmountIsWeight":false, "Laboratory":"Wyeast Labs", "ProductID":"3725", "MinTemperature":21.1111, "MaxTemperature":35.0000, "Flocculation":"Low", "Attenuation":76.5, "Notes":"Low to moderate ester production with subtle spiciness. Malty and full on the palate with initial sweetness. Finishes dry and slightly tart. This strain ferments well with no sluggishness. ", "BestFor":"Saison, Biere de Garde", "MaxReuse":5, "TimesCultured":0, "AddToSecondary":false }
{  "Name":"Bohemian Lager", "Type":"Lager", "Form":"Liquid", "Amount":0.1250480, "AmountIsWeight":false, "Laboratory":"Wyeast Labs", "ProductID":"2124", "MinTemperature":8.8889, "MaxTemperature":14.4444, "Flocculation":"Medium", "Attenuation":71.0, "Notes":"Ferments clean and malty, with rich malty flavor for full gravity pilsners.", "BestFor":"Bohemian Pilsners, Pilsners, German Helles, Bocks", "MaxReuse":5, "TimesCultured":0, "AddToSecondary":false }
{  "Name":"Brettanomyces Bruxellensis", "Type":"Ale", "Form":"Liquid", "Amount":0.1250000, "AmountIsWeight":false, "Laboratory":"Wyeast Labs", "ProductID":"3112", "MinTemperature":15.5556, "MaxTemperature":23.8889, "Flocculation":"Medium", "Attenuation":67.0, "Notes":"Wild yeast strain isolated from Brussels region of Belgium.  Adds classic sweaty horse hair flavor as well as sourness and cherry-pie like flavor.  Generally used in conjunction with S. Cerevisiae after the primary fermentation has begun.  Requires 3-6 mo", "BestFor":"Belgian Lambic, Gueze Lambic, and Sour Browns", "MaxReuse":5, "TimesCultured":0, "AddToSecondary":true }
{  "Name":"British Ale", "Type":"Ale", "Form":"Liquid", "Amount":0.1250480, "AmountIsWeight":false, "Laboratory":"Wyeast Labs", "ProductID":"1098", "MinTemperature":17.7778, "MaxTemperature":22.2222, "Flocculation":"Medium", "Attenuation":74.0, "Notes":"Fruity, tart, dry crisp finish.  Very well balanced.", "BestFor":"All British Ales, Pales, Bitters, English Strong Ale", "MaxReuse":5, "TimesCultured":0, "AddToSecondary":false }
{  "Name":"British Ale II", "Type":"Ale", "Form":"Liquid", "Amount":0.1250480, "AmountIsWeight":false, "Laboratory":"Wyeast Labs", "ProductID":"1335", "MinTemperature":17.2222, "MaxTemperature":23.8889, "Flocculation":"High", "Attenuation":74.5, "Notes":"Malty, clean, crisp finish.  Dry flavor.", "BestFor":"British and Canadian Ales, English Bitters", "MaxReuse":5, "TimesCultured":0, "AddToSecondary":false }
{  "Name":"British Cask Ale", "Type":"Ale", "Form":"Liquid", "Amount":0.1250000, "AmountIsWeight":false, "Laboratory":"Wyeast Labs", "ProductID":"1026", "MinTemperature":17.2222, "MaxTemperature":22.2222, "Flocculation":"Medium", "Attenuation":75.5, "Notes":"A great choice for any cask conditioned British Ale.   Produces nice malt profile with a hint of fruit. Finishes dry and slightly tart. ", "BestFor":"British Ales", "MaxReuse":5, "TimesCultured":0, "AddToSecondary":false }
{  "Name":"Budvar Lager Yeast", "Type":"Lager", "Form":"Liquid", "Amount":0.1250000, "AmountIsWeight":false, "Laboratory":"Wyeast Labs", "ProductID":"2000", "MinTemperature":7.2222, "MaxTemperature":12.2222, "Flocculation":"Medium", "Attenuation":69.0, "Notes":"Malty finish with low sulfur and diacetyl production. Floccs at 37F", "BestFor":"Bohemian Pilsners", "MaxReuse":5, "TimesCultured":0, "AddToSecondary":false }
{  "Name":"California Lager", "Type":"Lager", "Form":"Liquid", "Amount":0.1250480, "AmountIsWeight":false, "Laboratory":"Wyeast Labs", "ProductID":"2112", "MinTemperature":14.4444, "MaxTemperature":20.0000, "Flocculation":"High", "Attenuation":69.0, "Notes":"Suited for 19th century California style beers.  Lagers at high temperature and produces malty, clear beers.", "BestFor":"California common beers, Steam Beer", "MaxReuse":5, "TimesCultured":0, "AddToSecondary":false }
{  "Name":"Canadian/Belgian Style Yeast", "Type":"Ale", "Form":"Liquid", "Amount":0.1250000, "AmountIsWeight":false, "Laboratory":"Wyeast Labs", "ProductID":"3864", "MinTemperature":18.3333, "MaxTemperature":26.6667, "Flocculation":"Medium", "Attenuation":78.0, "Notes":"From a Franco-Belgie Canadian brewery which produces many styles of classic Belgian beers. Mild phenolics, which increase with elevated fermentation temperatures. Low ester profile with a dry, slightly tart finish. Complex and well-balanced, alcohol toler", "BestFor":"Canadian-Belgian beers", "MaxReuse":5, "TimesCultured":0, "AddToSecondary":false }
{  "Name":"Czech Pilsner Lager", "Type":"Lager", "Form":"Liquid", "Amount":0.1250480, "AmountIsWeight":false, "Laboratory":"Wyeast Labs", "ProductID":"2278", "MinTemperature":8.8889, "MaxTemperature":13.3333, "Flocculation":"Medium", "Attenuation":75.0, "Notes":"Classic Pilsner strain.  Creates a dry but malty finish.  Perfect for Pilsners and bocks.  Some sulfur produced, but will fade with time.", "BestFor":"Bohemian and American Pilsner, Bocks, Oktoberfest, Marzen", "MaxReuse":5, "TimesCultured":0, "AddToSecondary":false }
{  "Name":"Danish Lager", "Type":"Lager", "Form":"Liquid", "Amount":0.1250480, "AmountIsWeight":false, "Laboratory":"Wyeast Labs", "ProductID":"2042", "MinTemperature":7.7778, "MaxTemperature":13.3333, "Flocculation":"Medium", "Attenuation":75.0, "Notes":"Rich, Dortmund style, with a crisp, dry finish.  Soft profile accentuates hop flavor.", "BestFor":"Dortmund/Export Lagers", "MaxReuse":5, "TimesCultured":0, "AddToSecondary":false }
{  "Name":"Dutch Castle", "Type":"Wheat", "Form":"Liquid", "Amount":0.1250000, "AmountIsWeight":false, "Laboratory":"Wyeast Labs", "ProductID":"3822", "MinTemperature":17.7778, "MaxTemperature":23.3333, "Flocculation":"Medium", "Attenuation":78.0, "Notes":"Spicy, phenolic and tart in the nose. Very tart and dry on the palate. Phenols and esters well balanced, with a very dry and complex finish. High acid producer. Flocculation - medium; apparent attenuation", "BestFor":"", "MaxReuse":5, "TimesCultured":0, "AddToSecondary":false }
{  "Name":"English Special Bitter", "Type":"Ale", "Form":"Liquid", "Amount":0.1250000, "AmountIsWeight":false, "Laboratory":"Wyeast Labs", "ProductID":"1768", "MinTemperature":17.7778, "MaxTemperature":22.2222, "Flocculation":"High", "Attenuation":70.0, "Notes":"Similar to 1968, slightly less flocculent. Produces light fruit ethanol aroma. Mild malt with a neutral soft finish. Very clean. Flocculation - high;", "BestFor":"English Bitters, IPA, Brown Ales, Mild Ales", "MaxReuse":5, "TimesCultured":0, "AddToSecondary":false }
{  "Name":"European Ale", "Type":"Ale", "Form":"Liquid", "Amount":0.1250480, "AmountIsWeight":false, "Laboratory":"Wyeast Labs", "ProductID":"1338", "MinTemperature":16.6667, "MaxTemperature":22.2222, "Flocculation":"High", "Attenuation":69.0, "Notes":"Very malty flavor characteristic of Bavarian/Munich Ales.  Complex character.", "BestFor":"European Ales, German Ales, Alts, Pale Ale, Brown Ale, Kolsch", "MaxReuse":5, "TimesCultured":0, "AddToSecondary":false }
{  "Name":"European Lager II", "Type":"Lager", "Form":"Liquid", "Amount":0.1250480, "AmountIsWeight":false, "Laboratory":"Wyeast Labs", "ProductID":"2247", "MinTemperature":7.7778, "MaxTemperature":13.3333, "Flocculation":"Low", "Attenuation":75.0, "Notes":"Clean, dry flavor profile for aggressively hopped pilsners.  Dry finish, mild aroma, slight sulfur production.", "BestFor":"Bohemian Pilsner, American Pilsner, Helles, Dunkel", "MaxReuse":5, "TimesCultured":0, "AddToSecondary":false }
{  "Name":"Farmhouse Ale", "Type":"Ale", "Form":"Liquid", "Amount":0.1250000, "AmountIsWeight":false, "Laboratory":"Wyeast Labs", "ProductID":"3726", "MinTemperature":21.1111, "MaxTemperature":35.0000, "Flocculation":"Low", "Attenuation":79.0, "Notes":"This strain produces complex aromas dominated by an earthy/spicy note. Slightly tart and dry with a dry peppery finish. A perfect strain for Farmhouse ales and Saisons Tolerance 12%", "BestFor":"Saison, Biere de Garde", "MaxReuse":5, "TimesCultured":0, "AddToSecondary":false }
{  "Name":"Flying Dog Ale Yeast", "Type":"Ale", "Form":"Liquid", "Amount":0.1250000, "AmountIsWeight":false, "Laboratory":"Wyeast Labs", "ProductID":"VSS-2", "MinTemperature":16.6667, "MaxTemperature":21.1111, "Flocculation":"High", "Attenuation":70.0, "Notes":"Yeast will lend a complex malty character.  Purposeful, provocative irreverence; words that echo through the corridors at the brewery in Lower Downtown Denver, Colorado, where Flying Dog&apos;s litter of ales are produced. This yeast strain is an unruly mutt, ", "BestFor":"Porters, American Pale Ale, Scottish Ale, IPA", "MaxReuse":6, "TimesCultured":0, "AddToSecondary":false }
{  "Name":"Forbidden Fruit", "Type":"Wheat", "Form":"Liquid", "Amount":0.1250480, "AmountIsWeight":false, "Laboratory":"Wyeast Labs", "ProductID":"3463", "MinTemperature":17.2222, "MaxTemperature":24.4444, "Flocculation":"Low", "Attenuation":75.0, "Notes":"Phenolic profile with subdued fruitiness.  Available seasonally.", "BestFor":"Belgian Wit, Grand Cru", "MaxReuse":5, "TimesCultured":0, "AddToSecondary":false }
{  "Name":"Gambrinus Lager Yeast", "Type":"Lager", "Form":"Liquid", "Amount":0.1250000, "AmountIsWeight":false, "Laboratory":"Wyeast Labs", "ProductID":"2002", "MinTemperature":7.2222, "MaxTemperature":12.2222, "Flocculation":"High", "Attenuation":73.0, "Notes":"From Pilsen&apos;s other Brewery. Low sulfur/diacetyl", "BestFor":"Bohemian Pilsners", "MaxReuse":5, "TimesCultured":0, "AddToSecondary":false }
{  "Name":"German Ale", "Type":"Ale", "Form":"Liquid", "Amount":0.1250480, "AmountIsWeight":false, "Laboratory":"Wyeast Labs", "ProductID":"1007", "MinTemperature":12.7778, "MaxTemperature":18.8889, "Flocculation":"Low", "Attenuation":75.0, "Notes":"Crisp, dry finish with a mild flavor.", "BestFor":"German Ales, Alts, Kolsch, Dry Stout", "MaxReuse":5, "TimesCultured":0, "AddToSecondary":false }
{  "Name":"German Wheat", "Type":"Wheat", "Form":"Liquid", "Amount":0.1250480, "AmountIsWeight":false, "Laboratory":"Wyeast Labs", "ProductID":"3333", "MinTemperature":17.2222, "MaxTemperature":23.8889, "Flocculation":"High", "Attenuation":73.0, "Notes":"Subtle flavor profile.  Sharp, fruity, crisp, sherry like flavor.", "BestFor":"Bavarian Weizen", "MaxReuse":5, "TimesCultured":0, "AddToSecondary":false }
{  "Name":"Ingelmunster Ale ", "Type":"Wheat", "Form":"Liquid", "Amount":0.1250000, "AmountIsWeight":false, "Laboratory":"Wyeast Labs", "ProductID":"3822", "MinTemperature":18.3333, "MaxTemperature":26.6667, "Flocculation":"High", "Attenuation":77.0, "Notes":"This unique Belgian ale yeast produces spicy, phenolic and tart aromas. Very tart and dry on the palate. Phenol and ester production balanced, for beer with a complex finish. High acid producer.  12% Tolerance", "BestFor":"", "MaxReuse":5, "TimesCultured":0, "AddToSecondary":false }
{  "Name":"Irish Ale", "Type":"Ale", "Form":"Liquid", "Amount":0.1250480, "AmountIsWeight":false, "Laboratory":"Wyeast Labs", "ProductID":"1084", "MinTemperature":16.6667, "MaxTemperature":22.2222, "Flocculation":"Medium", "Attenuation":73.0, "Notes":"Dry diacetyl, fruity flavor characteristic of stouts.  Full bodied, dry, clean flavor.", "BestFor":"Irish Dry Stouts, Porter, Scottish Ale, Brown Ale, Imperial Stout, Barley Wine", "MaxReuse":5, "TimesCultured":0, "AddToSecondary":false }
{  "Name":"Kolsch Yeast", "Type":"Ale", "Form":"Liquid", "Amount":0.1250480, "AmountIsWeight":false, "Laboratory":"Wyeast Labs", "ProductID":"2565", "MinTemperature":13.3333, "MaxTemperature":17.7778, "Flocculation":"Low", "Attenuation":75.0, "Notes":"Very malty flavor with mix of lager and ale character.  Crisp, clean finish.", "BestFor":"Kolsch, European Ales", "MaxReuse":5, "TimesCultured":0, "AddToSecondary":false }
{  "Name":"Lactobacillus Delbrueckii", "Type":"Ale", "Form":"Liquid", "Amount":0.1250000, "AmountIsWeight":false, "Laboratory":"Wyeast Labs", "ProductID":"4335", "MinTemperature":15.5556, "MaxTemperature":35.0000, "Flocculation":"Medium", "Attenuation":67.0, "Notes":"Lactic acid bacteria isolated from Belgium.  Produces mild acidity and sourness found in many types of Belgian beers.  Always used in conjunction with S. Cerevisiae and wild yeasts.", "BestFor":"Belgian gueze, lambic, sour brown ales, and Berliner Weisse.", "MaxReuse":5, "TimesCultured":0, "AddToSecondary":true }
{  "Name":"Leuven Pale Ale Yeast", "Type":"Ale", "Form":"Liquid", "Amount":0.1250000, "AmountIsWeight":false, "Laboratory":"Wyeast Labs", "ProductID":"3538", "MinTemperature":15.5556, "MaxTemperature":23.8889, "Flocculation":"High", "Attenuation":76.5, "Notes":"Vigorous top fermenting yeast with spicy aromatic characteristics. Slight phenolics dissipate with conditioning. Excellent strain for a variety of Belgian styles including pales, doubles, &amp; brown ales. ", "BestFor":"Belgian styles including pales, doubles, &amp; brown ales. ", "MaxReuse":5, "TimesCultured":0, "AddToSecondary":false }
{  "Name":"London Ale", "Type":"Ale", "Form":"Liquid", "Amount":0.1250480, "AmountIsWeight":false, "Laboratory":"Wyeast Labs", "ProductID":"1028", "MinTemperature":15.5556, "MaxTemperature":22.2222, "Flocculation":"Medium", "Attenuation":75.0, "Notes":"Dry finish, bold, rich flavor, some fruit profile and a crisp finish.", "BestFor":"English Ales, Bitters, IPAs, Brown Ale", "MaxReuse":5, "TimesCultured":0, "AddToSecondary":false }
{  "Name":"London Ale III", "Type":"Ale", "Form":"Liquid", "Amount":0.1250480, "AmountIsWeight":false, "Laboratory":"Wyeast Labs", "ProductID":"1318", "MinTemperature":17.7778, "MaxTemperature":23.3333, "Flocculation":"High", "Attenuation":73.0, "Notes":"Light, fruity flavor.  Balanced flavor with hint of sweetness.", "BestFor":"British Ales, Bitters", "MaxReuse":5, "TimesCultured":0, "AddToSecondary":false }
{  "Name":"London ESB Ale", "Type":"Ale", "Form":"Liquid", "Amount":0.1250480, "AmountIsWeight":false, "Laboratory":"Wyeast Labs", "ProductID":"1968", "MinTemperature":17.7778, "MaxTemperature":22.2222, "Flocculation":"High", "Attenuation":69.0, "Notes":"Malty, balanced flavor.  Fruity, rich finish.  Excellent for cask conditioned ales and bitters.", "BestFor":"English Bitters, IPA, Brown Ales, Mild Ales", "MaxReuse":5, "TimesCultured":0, "AddToSecondary":false }
{  "Name":"Munich Lager", "Type":"Lager", "Form":"Liquid", "Amount":0.1250480, "AmountIsWeight":false, "Laboratory":"Wyeast Labs", "ProductID":"2308", "MinTemperature":8.8889, "MaxTemperature":13.3333, "Flocculation":"Medium", "Attenuation":75.0, "Notes":"Unique Pilsner strain.  Very smooth, well-rounded and full bodied.  Benefits from a diacetyl rest.", "BestFor":"Pilsners, Light Lagers, Dortmond/Export, Marzen/Oktoberfest, Dunkel", "MaxReuse":5, "TimesCultured":0, "AddToSecondary":false }
{  "Name":"North American Lager", "Type":"Lager", "Form":"Liquid", "Amount":0.1250480, "AmountIsWeight":false, "Laboratory":"Wyeast Labs", "ProductID":"2272", "MinTemperature":8.8889, "MaxTemperature":13.3333, "Flocculation":"High", "Attenuation":73.0, "Notes":"American and Canadian lager yeast. Malty finish makes it suitable for Marzens/Oktoberfest as well.", "BestFor":"American Pilsner, California Common, Canadian Lager, Oktoberfest, Marzen", "MaxReuse":5, "TimesCultured":0, "AddToSecondary":false }
{  "Name":"Northwest Ale", "Type":"Ale", "Form":"Liquid", "Amount":0.1250480, "AmountIsWeight":false, "Laboratory":"Wyeast Labs", "ProductID":"1332", "MinTemperature":18.3333, "MaxTemperature":23.8889, "Flocculation":"High", "Attenuation":69.0, "Notes":"Classic Northwest US ale yeast.  Slight fruit flavor, malty ale with good body and balance.", "BestFor":"Oregon Ales, All American Ale styles", "MaxReuse":5, "TimesCultured":0, "AddToSecondary":false }
{  "Name":"Octoberfest Lager Blend", "Type":"Lager", "Form":"Liquid", "Amount":0.1250000, "AmountIsWeight":false, "Laboratory":"Wyeast Labs", "ProductID":"2633", "MinTemperature":8.8889, "MaxTemperature":14.4444, "Flocculation":"Medium", "Attenuation":75.0, "Notes":"A blend of lager strains designed to produce a rich, malty, complex and full bodied Octoberfest style beer. Attenuates well while still leaving plenty of malt character and mouth feel. Low in sulfur production", "BestFor":"Bohemian and American Pilsner, Bocks, Oktoberfest, Marzen", "MaxReuse":5, "TimesCultured":0, "AddToSecondary":false }
{  "Name":"Pediococcus Cerevisiae", "Type":"Ale", "Form":"Liquid", "Amount":0.1250000, "AmountIsWeight":false, "Laboratory":"Wyeast Labs", "ProductID":"4733", "MinTemperature":15.5556, "MaxTemperature":35.0000, "Flocculation":"Medium", "Attenuation":67.0, "Notes":"Lactic acid bacteria isolated from Belgium.  Creates a high level of lactic acidity over a long time.  Often used with other yeasts, and it may take several months for flavor to fully develop.", "BestFor":"Gueze and other Belgian styles.", "MaxReuse":5, "TimesCultured":0, "AddToSecondary":true }
{  "Name":"Pilsen Lager", "Type":"Lager", "Form":"Liquid", "Amount":0.1250480, "AmountIsWeight":false, "Laboratory":"Wyeast Labs", "ProductID":"2007", "MinTemperature":8.8889, "MaxTemperature":13.3333, "Flocculation":"Medium", "Attenuation":73.0, "Notes":"Classic American pilsner strain.  Smooth with a malty flavor.  Dry and crisp fermentation.", "BestFor":"American Pilsner, Bohemian Pilsner, Light Lagers", "MaxReuse":5, "TimesCultured":0, "AddToSecondary":false }
{  "Name":"Pilsner Urqell", "Type":"Lager", "Form":"Liquid", "Amount":0.1250000, "AmountIsWeight":false, "Laboratory":"Wyeast Labs", "ProductID":"2001", "MinTemperature":7.2000, "MaxTemperature":12.2000, "Flocculation":"High", "Attenuation":74.0, "Notes":"Mild fruit/floral aroma.  Very dry and clean on plate with full mouth feel and nice subtle malt character. Very clean and neutral finish. The &quot;H&quot; strain used by a big brewery in Pilsen, Czech Republic. Malty finish with low sulfur and diacetyl production", "BestFor":"Bohemian Pilsners", "MaxReuse":5, "TimesCultured":0, "AddToSecondary":false }
{  "Name":"Ringwood Ale", "Type":"Ale", "Form":"Liquid", "Amount":0.1250480, "AmountIsWeight":false, "Laboratory":"Wyeast Labs", "ProductID":"1187", "MinTemperature":17.7778, "MaxTemperature":23.3333, "Flocculation":"High", "Attenuation":70.0, "Notes":"European ale yeast.  Highly flocculant with complex, clear, but malty profile.  Slightly fruity ester.", "BestFor":"Ringwood Ale, Brown Ales", "MaxReuse":5, "TimesCultured":0, "AddToSecondary":false }
{  "Name":"Roeselare Belgian Blend", "Type":"Ale", "Form":"Liquid", "Amount":0.1250000, "AmountIsWeight":false, "Laboratory":"Wyeast Labs", "ProductID":"3763", "MinTemperature":18.3333, "MaxTemperature":29.4444, "Flocculation":"Medium", "Attenuation":80.0, "Notes":"Culture of Saccharomyces, Brettonomyces and Lactic Acid Bacteria.  Complex aromas and flavors.  May be used for primary fermentation.  Age for 18 mo. Tolerance: 11%", "BestFor":"Belgian sour brown and red beers.", "MaxReuse":5, "TimesCultured":0, "AddToSecondary":false }
{  "Name":"Rogue Pacman Ale Yeast", "Type":"Ale", "Form":"Liquid", "Amount":0.1250000, "AmountIsWeight":false, "Laboratory":"Wyeast Labs", "ProductID":"VSS-1", "MinTemperature":12.7778, "MaxTemperature":21.1111, "Flocculation":"High", "Attenuation":77.0, "Notes":"From Rogue Brewery - Pacman is really great yeast; everything about it is good. Pacman attenuates well, is alcohol tolerant, and it produces beers with no diacetyl if the beer is well made. It&apos;s very flocculent, which makes it a great choice for bottle co", "BestFor":"American Pale Ale, Scottish Ale, Porters, Sweet Stout, Barley Wine, Alt", "MaxReuse":6, "TimesCultured":0, "AddToSecondary":false }
{  "Name":"Scottish Ale", "Type":"Ale", "Form":"Liquid", "Amount":0.1250000, "AmountIsWeight":false, "Laboratory":"Wyeast Labs", "ProductID":"1728", "MinTemperature":12.7778, "MaxTemperature":23.8889, "Flocculation":"High", "Attenuation":71.0, "Notes":"High alcohol tolerance.", "BestFor":"Scottish Ale, Scottish Strong Ales, Sweet Stout, Imperial Stout, Barley Wine", "MaxReuse":5, "TimesCultured":0, "AddToSecondary":false }
{  "Name":"Staro Prague Lager", "Type":"Lager", "Form":"Liquid", "Amount":0.1250000, "AmountIsWeight":false, "Laboratory":"Wyeast Labs", "ProductID":"2782", "MinTemperature":10.0000, "MaxTemperature":14.4444, "Flocculation":"Medium", "Attenuation":72.0, "Notes":"From deep in the back recesses of our archives, and originally sourced from a large brewery in Prague. Does not finish as dry as other Czech pils yeast strains. Medium to full body, moderate fruit, and distinct bready malt flavor dominating. Balance is sl", "BestFor":"Bohemian, Czech Pilsners", "MaxReuse":5, "TimesCultured":0, "AddToSecondary":false }
{  "Name":"Thames Valley Ale", "Type":"Ale", "Form":"Liquid", "Amount":0.1250480, "AmountIsWeight":false, "Laboratory":"Wyeast Labs", "ProductID":"1275", "MinTemperature":16.6667, "MaxTemperature":22.2222, "Flocculation":"Medium", "Attenuation":74.0, "Notes":"Clean, complex flavor.  Low in fruit, low in esters, rich in flavor.  Hops come through well.", "BestFor":"British Bitters, ESB, India Pale Ale, English Strong Ale", "MaxReuse":5, "TimesCultured":0, "AddToSecondary":false }
{  "Name":"Thames Valley Ale Yeast II", "Type":"Ale", "Form":"Liquid", "Amount":0.1250000, "AmountIsWeight":false, "Laboratory":"Wyeast Labs", "ProductID":"1882", "MinTemperature":16.6667, "MaxTemperature":22.2222, "Flocculation":"High", "Attenuation":75.0, "Notes":"Slightly fruitier and more malty on the palate than 1275. Well balanced with a clean, dry finish. The source of 1275 and 1882 uses them together to produce a highly complex flavor profile and spicy character", "BestFor":"English Bitters, IPA, Brown Ales, Mild Ales", "MaxReuse":5, "TimesCultured":0, "AddToSecondary":false }
{  "Name":"Trappist High Gravity", "Type":"Wheat", "Form":"Liquid", "Amount":0.1250480, "AmountIsWeight":false, "Laboratory":"Wyeast Labs", "ProductID":"3787", "MinTemperature":17.7778, "MaxTemperature":25.5556, "Flocculation":"Medium", "Attenuation":77.5, "Notes":"Robust top cropping yeast.  Phenolic character and alcohol tolerance up to 12%.  Rich ester profile and malty flavor.", "BestFor":"Belgian Wit, Trappist Ale, High gravity ales", "MaxReuse":5, "TimesCultured":0, "AddToSecondary":false }
{  "Name":"Weihenstephan Weizen", "Type":"Wheat", "Form":"Liquid", "Amount":0.1250480, "AmountIsWeight":false, "Laboratory":"Wyeast Labs", "ProductID":"3068", "MinTemperature":17.7778, "MaxTemperature":23.8889, "Flocculation":"Low", "Attenuation":75.0, "Notes":"Unique Bavarian wheat yeast that produces the spicy weizen clove and banana flavor.  Best when fermented at around 68 deg F.", "BestFor":"Bavarian Weizen", "MaxReuse":5, "TimesCultured":0, "AddToSecondary":false }
{  "Name":"West Yorkshire Ale", "Type":"Ale", "Form":"Liquid", "Amount":0.1250000, "AmountIsWeight":false, "Laboratory":"Wyeast Labs", "ProductID":"1469", "MinTemperature":17.7778, "MaxTemperature":22.2222, "Flocculation":"High", "Attenuation":69.0, "Notes":"From a well-known and highly regarded brewery in Keighley, West Yorkshire, England. Full chewy malt flavor and character, but finishes dry, producing famously balanced beers. Moderate nutty and stone-fruit esters. Bright beers easily achieved within days ", "BestFor":"Cask Ales, British Bitters, Mild, ESB, India Pale Ale, English Strong Ale", "MaxReuse":5, "TimesCultured":0, "AddToSecondary":false }
{  "Name":"Whitbread Ale", "Type":"Ale", "Form":"Liquid", "Amount":0.1250480, "AmountIsWeight":false, "Laboratory":"Wyeast Labs", "ProductID":"1099", "MinTemperature":17.7778, "MaxTemperature":23.8889, "Flocculation":"High", "Attenuation":70.0, "Notes":"Slightly more fruity and malty than Wyeast&apos;s British Ale.  Clear and highly flocculant.", "BestFor":"Whitbread Ale, British Ales, Pales, Bitters", "MaxReuse":5, "TimesCultured":0, "AddToSecondary":false }
{  "Name":"Wyeast Ale Blend", "Type":"Ale", "Form":"Liquid", "Amount":0.1250000, "AmountIsWeight":false, "Laboratory":"Wyeast Labs", "ProductID":"1087", "MinTemperature":17.7778, "MaxTemperature":22.2222, "Flocculation":"Medium", "Attenuation":73.0, "Notes":"Blend of ale strains designed to provide quick starts, good flavor, balance and flocculation.  Balanced finish suitable for most American and British ale styles.", "BestFor":"American and British Ale Styles.", "MaxReuse":5, "TimesCultured":0, "AddToSecondary":false }
{  "Name":"Wyeast Lager Blend", "Type":"Lager", "Form":"Liquid", "Amount":0.1250000, "AmountIsWeight":false, "Laboratory":"Wyeast Labs", "ProductID":"2178", "MinTemperature":8.8889, "MaxTemperature":14.4444, "Flocculation":"Medium", "Attenuation":73.0, "Notes":"Blend of lager strains to produce a complex but clean lager flavor profile.  Suitable for many common lager styles.", "BestFor":"Classic Pilsners, Lagers, Bocks.", "MaxReuse":5, "TimesCultured":0, "AddToSecondary":false }
